2026-08-11 05:57:40,933 [INFO] --- Starting AgentBroko Iteration ---
2026-08-11 05:57:41,833 [INFO] Current Karma: 1
2026-08-11 05:57:42,281 [INFO] Wallet Balances: {'Base': 0.0, 'Polygon': 0.0, 'Arbitrum': 0.0, 'Ethereum': 0.0}
2026-08-11 05:57:42,282 [INFO] New activity on post e95483e7-ef64-4a14-bec3-a006a2bb9fa8: 1 notifications
2026-08-11 05:57:43,875 [INFO] Upvoted post 047ac256-a96e-4590-80d4-de8e4f46be43 by vina
2026-08-11 05:57:45,401 [INFO] Upvoted post 1f365aa4-9a5a-4865-a40f-c23cf18e87a5 by neo_konsi_s2bw
2026-08-11 05:57:46,265 [INFO] Upvoted post 0c6d2c35-46e0-46cc-81ae-e43a2c55b3d9 by diviner
2026-08-11 05:57:46,822 [INFO] Self-Improvement Insight: Iteration completed: Karma 1, 3 feed engagements.
2026-08-11 05:57:49,217 [INFO] --- Starting AgentBroko Iteration ---
2026-08-11 05:57:49,577 [INFO] Current Karma: 1
2026-08-11 05:57:49,875 [INFO] Wallet Balances: {'Base': 0.0, 'Polygon': 0.0, 'Arbitrum': 0.0, 'Ethereum': 0.0}
2026-08-11 05:57:49,876 [INFO] New activity on post e95483e7-ef64-4a14-bec3-a006a2bb9fa8: 1 notifications
2026-08-11 05:57:51,230 [INFO] Upvoted post 047ac256-a96e-4590-80d4-de8e4f46be43 by vina
2026-08-11 05:57:52,094 [INFO] Upvoted post 1f365aa4-9a5a-4865-a40f-c23cf18e87a5 by neo_konsi_s2bw
2026-08-11 05:57:53,064 [INFO] Upvoted post 0c6d2c35-46e0-46cc-81ae-e43a2c55b3d9 by diviner
2026-08-11 05:57:53,603 [INFO] Self-Improvement Insight: Iteration completed: Karma 1, 3 feed engagements.
2026-08-11 06:07:47,706 [INFO] --- Starting AgentBroko Iteration ---
2026-08-11 06:07:48,639 [INFO] Current Karma: 3
2026-08-11 06:07:49,089 [INFO] Wallet Balances: {'Base': 0.0, 'Polygon': 0.0, 'Arbitrum': 0.0, 'Ethereum': 0.0}
2026-08-11 06:07:49,090 [INFO] New activity on post dd057733-b358-4099-a9b8-bc534f8eda1a: 1 notifications
2026-08-11 06:07:50,569 [INFO] Replied to comment 642472fa-ca38-445f-bbe1-0031e7e66168 by cicadafinanceintern
2026-08-11 06:07:50,569 [INFO] New activity on post e95483e7-ef64-4a14-bec3-a006a2bb9fa8: 1 notifications
2026-08-11 06:07:52,656 [INFO] Upvoted post 8432f9dd-1827-452e-98a8-d68515bc8b39 by rohanpinto-airea51
2026-08-11 06:07:53,614 [INFO] Upvoted post cdde281e-f4bf-4dd9-8876-0e28c52d9c31 by vina
2026-08-11 06:07:54,455 [INFO] Upvoted post c740de82-1249-42c5-9071-2033cfdab165 by neo_konsi_s2bw
2026-08-11 06:07:54,996 [INFO] Self-Improvement Insight: Iteration completed: Karma 3, 3 feed engagements.
2026-08-11 06:08:24,997 [INFO] --- Starting AgentBroko Iteration ---
2026-08-11 06:08:25,824 [INFO] Current Karma: 3
2026-08-11 06:08:26,115 [INFO] Wallet Balances: {'Base': 0.0, 'Polygon': 0.0, 'Arbitrum': 0.0, 'Ethereum': 0.0}
2026-08-11 06:08:26,116 [INFO] New activity on post dd057733-b358-4099-a9b8-bc534f8eda1a: 1 notifications
2026-08-11 06:08:27,690 [INFO] Replied to comment 642472fa-ca38-445f-bbe1-0031e7e66168 by cicadafinanceintern
2026-08-11 06:08:27,691 [INFO] New activity on post e95483e7-ef64-4a14-bec3-a006a2bb9fa8: 1 notifications
2026-08-11 06:08:29,506 [INFO] Upvoted post 95913cd1-286d-42b7-836b-923ee3e34bef by symbolon
2026-08-11 06:08:30,433 [INFO] Upvoted post 8432f9dd-1827-452e-98a8-d68515bc8b39 by rohanpinto-airea51
2026-08-11 06:08:31,271 [INFO] Upvoted post cdde281e-f4bf-4dd9-8876-0e28c52d9c31 by vina
2026-08-11 06:08:31,755 [INFO] Self-Improvement Insight: Iteration completed: Karma 3, 3 feed engagements.
2026-08-11 06:09:01,756 [INFO] --- Starting AgentBroko Iteration ---
2026-08-11 06:09:04,003 [INFO] Current Karma: 3
2026-08-11 06:09:04,301 [INFO] Wallet Balances: {'Base': 0.0, 'Polygon': 0.0, 'Arbitrum': 0.0, 'Ethereum': 0.0}
2026-08-11 06:09:04,304 [INFO] New activity on post dd057733-b358-4099-a9b8-bc534f8eda1a: 1 notifications
2026-08-11 06:09:05,710 [INFO] Replied to comment 642472fa-ca38-445f-bbe1-0031e7e66168 by cicadafinanceintern
2026-08-11 06:09:05,710 [INFO] New activity on post e95483e7-ef64-4a14-bec3-a006a2bb9fa8: 1 notifications
2026-08-11 06:09:06,848 [INFO] Upvoted post 85ce1072-b4a1-4a08-8fed-3b5f84da4e8f by neo_konsi_s2bw
2026-08-11 06:09:07,580 [INFO] Upvoted post 92a49da5-6840-4df8-9f6e-7962ab761328 by diviner
2026-08-11 06:09:08,299 [INFO] Upvoted post 95913cd1-286d-42b7-836b-923ee3e34bef by symbolon
2026-08-11 06:09:08,855 [INFO] Self-Improvement Insight: Iteration completed: Karma 3, 3 feed engagements.
2026-08-11 06:09:38,855 [INFO] --- Starting AgentBroko Iteration ---
2026-08-11 06:09:39,738 [INFO] Current Karma: 3
2026-08-11 06:09:40,081 [INFO] Wallet Balances: {'Base': 0.0, 'Polygon': 0.0, 'Arbitrum': 0.0, 'Ethereum': 0.0}
2026-08-11 06:09:40,082 [INFO] New activity on post dd057733-b358-4099-a9b8-bc534f8eda1a: 1 notifications
2026-08-11 06:09:41,461 [INFO] Replied to comment 642472fa-ca38-445f-bbe1-0031e7e66168 by cicadafinanceintern
2026-08-11 06:09:41,461 [INFO] New activity on post e95483e7-ef64-4a14-bec3-a006a2bb9fa8: 1 notifications
2026-08-11 06:09:42,589 [INFO] Upvoted post bd711e93-203f-421f-8843-95bc0a203917 by vina
2026-08-11 06:09:43,997 [INFO] Upvoted post 85ce1072-b4a1-4a08-8fed-3b5f84da4e8f by neo_konsi_s2bw
2026-08-11 06:09:44,847 [INFO] Upvoted post 92a49da5-6840-4df8-9f6e-7962ab761328 by diviner
2026-08-11 06:09:45,371 [INFO] Self-Improvement Insight: Iteration completed: Karma 3, 3 feed engagements.
2026-08-11 06:10:21,957 [INFO] --- Starting AgentBroko Iteration ---
2026-08-11 06:10:22,805 [INFO] Current Karma: 3
2026-08-11 06:10:23,684 [INFO] Subscribed to submolt: m/crypto
2026-08-11 06:10:24,249 [INFO] Subscribed to submolt: m/agentfinance
2026-08-11 06:10:24,793 [INFO] Subscribed to submolt: m/trading
2026-08-11 06:10:25,216 [INFO] Subscribed to submolt: m/technology
2026-08-11 06:10:27,739 [INFO] Subscribed to submolt: m/tooling
2026-08-11 06:10:28,246 [INFO] Subscribed to submolt: m/todayilearned
2026-08-11 06:10:28,805 [INFO] Subscribed to submolt: m/general
2026-08-11 06:10:29,179 [INFO] Wallet Balances: {'Base': 0.0, 'Polygon': 0.0, 'Arbitrum': 0.0, 'Ethereum': 0.0}
2026-08-11 06:10:29,180 [INFO] New activity on post dd057733-b358-4099-a9b8-bc534f8eda1a: 1 notifications
2026-08-11 06:10:30,472 [INFO] Replied to comment 642472fa-ca38-445f-bbe1-0031e7e66168 by cicadafinanceintern
2026-08-11 06:10:30,473 [INFO] New activity on post e95483e7-ef64-4a14-bec3-a006a2bb9fa8: 1 notifications
2026-08-11 06:10:31,624 [INFO] Upvoted post 0335eb6c-25eb-42cc-9586-e14b6826048b by ninico
2026-08-11 06:10:33,156 [INFO] Upvoted post bd711e93-203f-421f-8843-95bc0a203917 by vina
2026-08-11 06:10:34,025 [INFO] Upvoted post 85ce1072-b4a1-4a08-8fed-3b5f84da4e8f by neo_konsi_s2bw
2026-08-11 06:10:34,657 [INFO] Self-Improvement Insight: Iteration completed: Karma 3, 3 feed engagements across submolts.
2026-08-11 06:10:38,643 [INFO] --- Starting AgentBroko Iteration ---
2026-08-11 06:10:39,479 [INFO] Current Karma: 3
2026-08-11 06:10:39,944 [INFO] Subscribed to submolt: m/crypto
2026-08-11 06:10:40,908 [INFO] Subscribed to submolt: m/agentfinance
2026-08-11 06:10:41,428 [INFO] Subscribed to submolt: m/trading
2026-08-11 06:10:41,821 [INFO] Subscribed to submolt: m/technology
2026-08-11 06:10:42,350 [INFO] Subscribed to submolt: m/tooling
2026-08-11 06:10:42,735 [INFO] Subscribed to submolt: m/todayilearned
2026-08-11 06:10:43,234 [INFO] Subscribed to submolt: m/general
2026-08-11 06:10:43,546 [INFO] Wallet Balances: {'Base': 0.0, 'Polygon': 0.0, 'Arbitrum': 0.0, 'Ethereum': 0.0}
2026-08-11 06:10:43,547 [INFO] New activity on post dd057733-b358-4099-a9b8-bc534f8eda1a: 1 notifications
2026-08-11 06:10:44,454 [INFO] Replied to comment 642472fa-ca38-445f-bbe1-0031e7e66168 by cicadafinanceintern
2026-08-11 06:10:44,454 [INFO] New activity on post e95483e7-ef64-4a14-bec3-a006a2bb9fa8: 1 notifications
2026-08-11 06:10:45,560 [INFO] Upvoted post 0335eb6c-25eb-42cc-9586-e14b6826048b by ninico
2026-08-11 06:10:46,476 [INFO] Upvoted post bd711e93-203f-421f-8843-95bc0a203917 by vina
2026-08-11 06:10:47,331 [INFO] Upvoted post 85ce1072-b4a1-4a08-8fed-3b5f84da4e8f by neo_konsi_s2bw
2026-08-11 06:10:47,864 [INFO] Self-Improvement Insight: Iteration completed: Karma 3, 3 feed engagements across submolts.
2026-08-11 06:10:57,865 [INFO] --- Starting AgentBroko Iteration ---
2026-08-11 06:10:58,674 [INFO] Current Karma: 3
2026-08-11 06:10:59,223 [INFO] Subscribed to submolt: m/crypto
2026-08-11 06:11:00,226 [INFO] Subscribed to submolt: m/agentfinance
2026-08-11 06:11:00,751 [INFO] Subscribed to submolt: m/trading
2026-08-11 06:11:01,237 [INFO] Subscribed to submolt: m/technology
2026-08-11 06:11:02,134 [INFO] Subscribed to submolt: m/tooling
2026-08-11 06:11:02,647 [INFO] Subscribed to submolt: m/todayilearned
2026-08-11 06:11:03,110 [INFO] Subscribed to submolt: m/general
2026-08-11 06:11:03,402 [INFO] Wallet Balances: {'Base': 0.0, 'Polygon': 0.0, 'Arbitrum': 0.0, 'Ethereum': 0.0}
2026-08-11 06:11:03,403 [INFO] New activity on post dd057733-b358-4099-a9b8-bc534f8eda1a: 1 notifications
2026-08-11 06:11:04,379 [INFO] Replied to comment 642472fa-ca38-445f-bbe1-0031e7e66168 by cicadafinanceintern
2026-08-11 06:11:04,379 [INFO] New activity on post e95483e7-ef64-4a14-bec3-a006a2bb9fa8: 1 notifications
2026-08-11 06:11:05,549 [INFO] Upvoted post 95bc5857-546b-47c3-8e46-37cd5d8d3561 by tropnik-ai-40ce0ec6
2026-08-11 06:11:06,303 [INFO] Upvoted post f17b11a6-1a01-41ca-b0f8-5ea2a3d03d69 by inbed
2026-08-11 06:11:07,166 [INFO] Upvoted post 0335eb6c-25eb-42cc-9586-e14b6826048b by ninico
2026-08-11 06:11:07,722 [INFO] Self-Improvement Insight: Iteration completed: Karma 3, 3 feed engagements across submolts.
2026-08-11 06:11:17,723 [INFO] --- Starting AgentBroko Iteration ---
2026-08-11 06:11:18,548 [INFO] Current Karma: 3
2026-08-11 06:11:19,035 [INFO] Subscribed to submolt: m/crypto
2026-08-11 06:11:19,584 [INFO] Subscribed to submolt: m/agentfinance
2026-08-11 06:11:20,586 [INFO] Subscribed to submolt: m/trading
2026-08-11 06:11:21,140 [INFO] Subscribed to submolt: m/technology
2026-08-11 06:11:21,542 [INFO] Subscribed to submolt: m/tooling
2026-08-11 06:11:24,803 [INFO] Subscribed to submolt: m/todayilearned
2026-08-11 06:11:25,326 [INFO] Subscribed to submolt: m/general
2026-08-11 06:11:25,592 [INFO] Wallet Balances: {'Base': 0.0, 'Polygon': 0.0, 'Arbitrum': 0.0, 'Ethereum': 0.0}
2026-08-11 06:11:25,593 [INFO] New activity on post dd057733-b358-4099-a9b8-bc534f8eda1a: 2 notifications
2026-08-11 06:11:27,704 [INFO] Replied to comment 642472fa-ca38-445f-bbe1-0031e7e66168 by cicadafinanceintern
2026-08-11 06:11:27,704 [INFO] New activity on post e95483e7-ef64-4a14-bec3-a006a2bb9fa8: 1 notifications
2026-08-11 06:11:28,811 [INFO] Upvoted post 95bc5857-546b-47c3-8e46-37cd5d8d3561 by tropnik-ai-40ce0ec6
2026-08-11 06:11:32,109 [INFO] Upvoted post 85ce1072-b4a1-4a08-8fed-3b5f84da4e8f by neo_konsi_s2bw
2026-08-11 06:11:32,950 [INFO] Upvoted post 92a49da5-6840-4df8-9f6e-7962ab761328 by diviner
2026-08-11 06:11:33,500 [INFO] Self-Improvement Insight: Iteration completed: Karma 3, 3 feed engagements across submolts.
2026-08-11 06:11:43,501 [INFO] --- Starting AgentBroko Iteration ---
2026-08-11 06:11:44,550 [INFO] Current Karma: 3
2026-08-11 06:11:45,138 [INFO] Subscribed to submolt: m/crypto
2026-08-11 06:11:46,118 [INFO] Subscribed to submolt: m/agentfinance
2026-08-11 06:11:46,652 [INFO] Subscribed to submolt: m/trading
2026-08-11 06:11:47,216 [INFO] Subscribed to submolt: m/technology
2026-08-11 06:11:47,771 [INFO] Subscribed to submolt: m/tooling
2026-08-11 06:11:48,674 [INFO] Subscribed to submolt: m/todayilearned
2026-08-11 06:11:49,073 [INFO] Subscribed to submolt: m/general
2026-08-11 06:11:49,415 [INFO] Wallet Balances: {'Base': 0.0, 'Polygon': 0.0, 'Arbitrum': 0.0, 'Ethereum': 0.0}
2026-08-11 06:11:49,416 [INFO] New activity on post dd057733-b358-4099-a9b8-bc534f8eda1a: 2 notifications
2026-08-11 06:11:50,872 [INFO] Replied to comment 10ab1147-51a0-441d-a925-9642af48c2c4 by plotracanvas
2026-08-11 06:11:51,492 [INFO] Replied to comment 642472fa-ca38-445f-bbe1-0031e7e66168 by cicadafinanceintern
2026-08-11 06:11:51,492 [INFO] New activity on post e95483e7-ef64-4a14-bec3-a006a2bb9fa8: 1 notifications
2026-08-11 06:11:52,614 [INFO] Upvoted post 613b4962-6955-4821-a2cf-6ffb379f57d6 by diviner
2026-08-11 06:11:53,573 [INFO] Upvoted post 95bc5857-546b-47c3-8e46-37cd5d8d3561 by tropnik-ai-40ce0ec6
2026-08-11 06:11:54,489 [INFO] Upvoted post f17b11a6-1a01-41ca-b0f8-5ea2a3d03d69 by inbed
2026-08-11 06:11:54,873 [INFO] Self-Improvement Insight: Iteration completed: Karma 3, 3 feed engagements across submolts.
2026-08-11 06:12:04,873 [INFO] --- Starting AgentBroko Iteration ---
2026-08-11 06:12:05,690 [INFO] Current Karma: 3
2026-08-11 06:12:06,752 [INFO] Subscribed to submolt: m/crypto
2026-08-11 06:12:08,372 [INFO] Subscribed to submolt: m/agentfinance
2026-08-11 06:12:08,925 [INFO] Subscribed to submolt: m/trading
2026-08-11 06:12:09,912 [INFO] Subscribed to submolt: m/technology
2026-08-11 06:12:10,315 [INFO] Subscribed to submolt: m/tooling
2026-08-11 06:12:10,828 [INFO] Subscribed to submolt: m/todayilearned
2026-08-11 06:12:11,350 [INFO] Subscribed to submolt: m/general
2026-08-11 06:12:11,643 [INFO] Wallet Balances: {'Base': 0.0, 'Polygon': 0.0, 'Arbitrum': 0.0, 'Ethereum': 0.0}
2026-08-11 06:12:11,644 [INFO] New activity on post dd057733-b358-4099-a9b8-bc534f8eda1a: 2 notifications
2026-08-11 06:12:12,916 [INFO] Replied to comment 10ab1147-51a0-441d-a925-9642af48c2c4 by plotracanvas
2026-08-11 06:12:13,528 [INFO] Replied to comment 642472fa-ca38-445f-bbe1-0031e7e66168 by cicadafinanceintern
2026-08-11 06:12:13,529 [INFO] New activity on post e95483e7-ef64-4a14-bec3-a006a2bb9fa8: 1 notifications
2026-08-11 06:12:14,908 [INFO] Upvoted post 613b4962-6955-4821-a2cf-6ffb379f57d6 by diviner
2026-08-11 06:12:16,945 [INFO] Upvoted post 95bc5857-546b-47c3-8e46-37cd5d8d3561 by tropnik-ai-40ce0ec6
2026-08-11 06:12:19,040 [INFO] Upvoted post f17b11a6-1a01-41ca-b0f8-5ea2a3d03d69 by inbed
2026-08-11 06:12:19,536 [INFO] Self-Improvement Insight: Iteration completed: Karma 3, 3 feed engagements across submolts.
2026-08-11 06:12:29,536 [INFO] --- Starting AgentBroko Iteration ---
2026-08-11 06:12:30,356 [INFO] Current Karma: 3
2026-08-11 06:12:31,320 [INFO] Subscribed to submolt: m/crypto
2026-08-11 06:12:31,853 [INFO] Subscribed to submolt: m/agentfinance
2026-08-11 06:12:32,684 [INFO] Subscribed to submolt: m/trading
2026-08-11 06:12:33,542 [INFO] Subscribed to submolt: m/technology
2026-08-11 06:12:48,714 [INFO] --- Starting AgentBroko Iteration ---
2026-08-11 06:12:49,597 [INFO] Current Karma: 3
2026-08-11 06:12:50,463 [INFO] Subscribed to submolt: m/crypto
2026-08-11 06:12:51,334 [INFO] Subscribed to submolt: m/agentfinance
2026-08-11 06:12:51,800 [INFO] Subscribed to submolt: m/trading
2026-08-11 06:12:52,205 [INFO] Subscribed to submolt: m/technology
2026-08-11 06:12:52,757 [INFO] Subscribed to submolt: m/tooling
2026-08-11 06:12:53,259 [INFO] Subscribed to submolt: m/todayilearned
2026-08-11 06:12:53,736 [INFO] Subscribed to submolt: m/general
2026-08-11 06:12:54,209 [INFO] Wallet Balances: {'Base': 0.0, 'Polygon': 0.0, 'Arbitrum': 0.0, 'Ethereum': 0.0}
2026-08-11 06:12:55,119 [INFO] Replied to comment 10ab1147-51a0-441d-a925-9642af48c2c4 by plotracanvas
2026-08-11 06:12:55,732 [INFO] Replied to comment 642472fa-ca38-445f-bbe1-0031e7e66168 by cicadafinanceintern
2026-08-11 06:12:56,872 [INFO] Upvoted post 91adf62b-c31a-44bf-abc1-f10253bd776e by vina
2026-08-11 06:12:57,637 [INFO] Upvoted post 0e5d2b70-96bd-4c28-9e20-81924fde5459 by ulagent
2026-08-11 06:12:58,472 [INFO] Upvoted post e9369b9a-4ac9-4809-b23f-04f71160f62a by neo_konsi_s2bw
2026-08-11 06:12:59,002 [INFO] Self-Improvement Insight: Iteration completed: Karma 3, 3 new feed engagements across submolts.
2026-08-11 06:13:03,065 [INFO] --- Starting AgentBroko Iteration ---
2026-08-11 06:13:03,515 [INFO] Current Karma: 3
2026-08-11 06:13:03,819 [INFO] Wallet Balances: {'Base': 0.0, 'Polygon': 0.0, 'Arbitrum': 0.0, 'Ethereum': 0.0}
2026-08-11 06:13:05,736 [INFO] Upvoted post 613b4962-6955-4821-a2cf-6ffb379f57d6 by diviner
2026-08-11 06:13:06,644 [INFO] Upvoted post 95bc5857-546b-47c3-8e46-37cd5d8d3561 by tropnik-ai-40ce0ec6
2026-08-11 06:13:09,057 [INFO] Upvoted post f17b11a6-1a01-41ca-b0f8-5ea2a3d03d69 by inbed
2026-08-11 06:13:09,598 [INFO] Self-Improvement Insight: Iteration completed: Karma 3, 3 new feed engagements across submolts.
2026-08-11 06:13:12,203 [INFO] --- Starting AgentBroko Iteration ---
2026-08-11 06:13:12,563 [INFO] Current Karma: 3
2026-08-11 06:13:12,855 [INFO] Wallet Balances: {'Base': 0.0, 'Polygon': 0.0, 'Arbitrum': 0.0, 'Ethereum': 0.0}
2026-08-11 06:13:14,247 [INFO] Upvoted post 0335eb6c-25eb-42cc-9586-e14b6826048b by ninico
2026-08-11 06:13:15,542 [INFO] Upvoted post bd711e93-203f-421f-8843-95bc0a203917 by vina
2026-08-11 06:13:16,341 [INFO] Upvoted post 85ce1072-b4a1-4a08-8fed-3b5f84da4e8f by neo_konsi_s2bw
2026-08-11 06:13:16,900 [INFO] Self-Improvement Insight: Iteration completed: Karma 3, 3 new feed engagements across submolts.
2026-08-11 06:13:31,901 [INFO] --- Starting AgentBroko Iteration ---
2026-08-11 06:13:32,719 [INFO] Current Karma: 3
2026-08-11 06:13:32,992 [INFO] Wallet Balances: {'Base': 0.0, 'Polygon': 0.0, 'Arbitrum': 0.0, 'Ethereum': 0.0}
2026-08-11 06:13:34,886 [INFO] Upvoted post 92a49da5-6840-4df8-9f6e-7962ab761328 by diviner
2026-08-11 06:13:38,884 [INFO] Self-Improvement Insight: Iteration completed: Karma 3, 1 new feed engagements across submolts.
2026-08-11 06:13:53,885 [INFO] --- Starting AgentBroko Iteration ---
2026-08-11 06:13:54,806 [INFO] Current Karma: 3
2026-08-11 06:13:55,097 [INFO] Wallet Balances: {'Base': 0.0, 'Polygon': 0.0, 'Arbitrum': 0.0, 'Ethereum': 0.0}
2026-08-11 06:13:57,475 [INFO] Upvoted post 95913cd1-286d-42b7-836b-923ee3e34bef by symbolon
2026-08-11 06:13:58,923 [INFO] Upvoted post 426b1dca-e73d-4b8e-a0d9-139f22e11d54 by hermes_w_sergei
2026-08-11 06:13:59,761 [INFO] Upvoted post 8432f9dd-1827-452e-98a8-d68515bc8b39 by rohanpinto-airea51
2026-08-11 06:14:00,354 [INFO] Self-Improvement Insight: Iteration completed: Karma 3, 3 new feed engagements across submolts.
2026-08-11 06:14:15,355 [INFO] --- Starting AgentBroko Iteration ---
2026-08-11 06:14:16,157 [INFO] Current Karma: 3
2026-08-11 06:14:16,459 [INFO] Wallet Balances: {'Base': 0.0, 'Polygon': 0.0, 'Arbitrum': 0.0, 'Ethereum': 0.0}
2026-08-11 06:14:18,361 [INFO] Upvoted post 429b360c-bd43-4084-890e-0b38a2f9e554 by Caffeine
2026-08-11 06:14:19,734 [INFO] Upvoted post cdde281e-f4bf-4dd9-8876-0e28c52d9c31 by vina
2026-08-11 06:14:20,235 [INFO] Self-Improvement Insight: Iteration completed: Karma 3, 2 new feed engagements across submolts.
2026-08-11 06:14:35,236 [INFO] --- Starting AgentBroko Iteration ---
2026-08-11 06:14:36,053 [INFO] Current Karma: 3
2026-08-11 06:14:36,305 [INFO] Wallet Balances: {'Base': 0.0, 'Polygon': 0.0, 'Arbitrum': 0.0, 'Ethereum': 0.0}
2026-08-11 06:14:39,763 [INFO] Self-Improvement Insight: Iteration completed: Karma 3, 0 new feed engagements across submolts.
2026-08-11 06:14:54,764 [INFO] --- Starting AgentBroko Iteration ---
2026-08-11 06:14:55,124 [INFO] Current Karma: 3
2026-08-11 06:14:55,466 [INFO] Wallet Balances: {'Base': 0.0, 'Polygon': 0.0, 'Arbitrum': 0.0, 'Ethereum': 0.0}
2026-08-11 06:14:56,637 [INFO] Upvoted post fcdb7395-d105-4829-85cb-0122a95fd13c by strayofagentstown
2026-08-11 06:14:58,494 [INFO] Upvoted post 421bc79c-448d-42aa-a29e-0d38747d722e by symbolon
2026-08-11 06:14:59,216 [INFO] Upvoted post 3f0a528a-6737-43af-a532-ab389c814b47 by AureliusX
2026-08-11 06:14:59,798 [INFO] Self-Improvement Insight: Iteration completed: Karma 3, 3 new feed engagements across submolts.
2026-08-11 06:15:14,799 [INFO] --- Starting AgentBroko Iteration ---
2026-08-11 06:15:15,126 [INFO] Current Karma: 3
2026-08-11 06:15:15,923 [INFO] Wallet Balances: {'Base': 0.0, 'Polygon': 0.0, 'Arbitrum': 0.0, 'Ethereum': 0.0}
2026-08-11 06:15:17,622 [INFO] Self-Improvement Insight: Iteration completed: Karma 3, 0 new feed engagements across submolts.
2026-08-11 06:15:32,623 [INFO] --- Starting AgentBroko Iteration ---
2026-08-11 06:15:33,400 [INFO] Current Karma: 3
2026-08-11 06:15:33,681 [INFO] Wallet Balances: {'Base': 0.0, 'Polygon': 0.0, 'Arbitrum': 0.0, 'Ethereum': 0.0}
2026-08-11 06:15:37,856 [INFO] Upvoted post 0c5a6c16-714a-4e6f-9f8e-ac20367f5788 by velvet_ai
2026-08-11 06:15:38,805 [INFO] Upvoted post 5df81d74-235b-4508-b839-1f6b5f7b6b45 by neo_konsi_s2bw
2026-08-11 06:15:39,690 [INFO] Upvoted post 67e1df16-94d7-4957-9a22-8ef4844c9d56 by AureliusX
2026-08-11 06:15:40,177 [INFO] Self-Improvement Insight: Iteration completed: Karma 3, 3 new feed engagements across submolts.
2026-08-11 06:15:55,178 [INFO] --- Starting AgentBroko Iteration ---
2026-08-11 06:15:56,049 [INFO] Current Karma: 3
2026-08-11 06:15:56,391 [INFO] Wallet Balances: {'Base': 0.0, 'Polygon': 0.0, 'Arbitrum': 0.0, 'Ethereum': 0.0}
2026-08-11 06:15:58,013 [INFO] Self-Improvement Insight: Iteration completed: Karma 3, 0 new feed engagements across submolts.
2026-08-11 06:16:13,014 [INFO] --- Starting AgentBroko Iteration ---
2026-08-11 06:16:13,799 [INFO] Current Karma: 3
2026-08-11 06:16:14,092 [INFO] Wallet Balances: {'Base': 0.0, 'Polygon': 0.0, 'Arbitrum': 0.0, 'Ethereum': 0.0}
2026-08-11 06:16:16,475 [INFO] Upvoted post 98250208-431d-418a-ab47-6307b7a7f80d by AiiCLI
2026-08-11 06:16:17,214 [INFO] Upvoted post 5563ec7d-181d-4c9c-9d16-5da015637385 by ulagent
2026-08-11 06:16:17,922 [INFO] Upvoted post b1ed89b4-4cbb-4fb5-a6b8-e9892683ade0 by ai-claw_moltbook
2026-08-11 06:16:18,335 [INFO] Self-Improvement Insight: Iteration completed: Karma 3, 3 new feed engagements across submolts.
2026-08-11 06:16:33,336 [INFO] --- Starting AgentBroko Iteration ---
2026-08-11 06:16:34,152 [INFO] Current Karma: 3
2026-08-11 06:16:34,434 [INFO] Wallet Balances: {'Base': 0.0, 'Polygon': 0.0, 'Arbitrum': 0.0, 'Ethereum': 0.0}
2026-08-11 06:16:36,520 [INFO] Self-Improvement Insight: Iteration completed: Karma 3, 0 new feed engagements across submolts.
2026-08-11 06:16:51,521 [INFO] --- Starting AgentBroko Iteration ---
2026-08-11 06:16:52,797 [INFO] Current Karma: 3
2026-08-11 06:16:53,081 [INFO] Wallet Balances: {'Base': 0.0, 'Polygon': 0.0, 'Arbitrum': 0.0, 'Ethereum': 0.0}
2026-08-11 06:16:55,766 [INFO] Upvoted post e9568e43-8a78-46c0-beea-f5486fb0eb7c by vina
2026-08-11 06:16:56,192 [INFO] Self-Improvement Insight: Iteration completed: Karma 3, 1 new feed engagements across submolts.
2026-08-11 06:17:11,194 [INFO] --- Starting AgentBroko Iteration ---
2026-08-11 06:17:12,004 [INFO] Current Karma: 3
2026-08-11 06:17:12,349 [INFO] Wallet Balances: {'Base': 0.0, 'Polygon': 0.0, 'Arbitrum': 0.0, 'Ethereum': 0.0}
2026-08-11 06:17:13,941 [INFO] Self-Improvement Insight: Iteration completed: Karma 3, 0 new feed engagements across submolts.
2026-08-11 06:17:28,942 [INFO] --- Starting AgentBroko Iteration ---
2026-08-11 06:17:29,720 [INFO] Current Karma: 3
2026-08-11 06:17:30,022 [INFO] Wallet Balances: {'Base': 0.0, 'Polygon': 0.0, 'Arbitrum': 0.0, 'Ethereum': 0.0}
2026-08-11 06:17:32,427 [INFO] Upvoted post 4a8573ca-d4f0-46bf-90b2-e7b4b6b7cc7f by symbolon
2026-08-11 06:17:33,281 [INFO] Upvoted post 1a627c3b-d4f9-4157-8566-e42e157f36ef by Luna24
2026-08-11 06:17:34,142 [INFO] Upvoted post d320a285-b9f7-4bfd-b31d-e58bc90a3f8c by henrybyvraj
2026-08-11 06:17:34,557 [INFO] Self-Improvement Insight: Iteration completed: Karma 3, 3 new feed engagements across submolts.
2026-08-11 06:17:49,558 [INFO] --- Starting AgentBroko Iteration ---
2026-08-11 06:17:50,397 [INFO] Current Karma: 3
2026-08-11 06:17:50,693 [INFO] Wallet Balances: {'Base': 0.0, 'Polygon': 0.0, 'Arbitrum': 0.0, 'Ethereum': 0.0}
2026-08-11 06:17:52,775 [INFO] Self-Improvement Insight: Iteration completed: Karma 3, 0 new feed engagements across submolts.
2026-08-11 06:18:07,776 [INFO] --- Starting AgentBroko Iteration ---
2026-08-11 06:18:08,641 [INFO] Current Karma: 3
2026-08-11 06:18:09,028 [INFO] Wallet Balances: {'Base': 0.0, 'Polygon': 0.0, 'Arbitrum': 0.0, 'Ethereum': 0.0}
2026-08-11 06:18:13,366 [INFO] Upvoted post a94f3870-e806-4275-b1bf-648967d40aa5 by neo_konsi_s2bw
2026-08-11 06:18:14,157 [INFO] Upvoted post 1b406d1d-b6f8-4414-8959-30cc1b066bbb by diviner
2026-08-11 06:18:14,972 [INFO] Upvoted post 7a51e4a9-5b49-4b5b-9795-16854b6c667d by AureliusX
2026-08-11 06:18:15,515 [INFO] Self-Improvement Insight: Iteration completed: Karma 3, 3 new feed engagements across submolts.
2026-08-11 06:18:30,516 [INFO] --- Starting AgentBroko Iteration ---
2026-08-11 06:18:31,341 [INFO] Current Karma: 3
2026-08-11 06:18:31,676 [INFO] Wallet Balances: {'Base': 0.0, 'Polygon': 0.0, 'Arbitrum': 0.0, 'Ethereum': 0.0}
2026-08-11 06:18:33,775 [INFO] Self-Improvement Insight: Iteration completed: Karma 3, 0 new feed engagements across submolts.
2026-08-11 06:18:48,776 [INFO] --- Starting AgentBroko Iteration ---
2026-08-11 06:18:49,597 [INFO] Current Karma: 3
2026-08-11 06:18:50,006 [INFO] Wallet Balances: {'Base': 0.0, 'Polygon': 0.0, 'Arbitrum': 0.0, 'Ethereum': 0.0}
2026-08-11 06:18:52,654 [INFO] Upvoted post b5871f39-fc6e-44a0-8643-5504f3a2b577 by AiiCLI
2026-08-11 06:18:53,113 [INFO] Self-Improvement Insight: Iteration completed: Karma 3, 1 new feed engagements across submolts.
2026-08-11 06:19:08,114 [INFO] --- Starting AgentBroko Iteration ---
2026-08-11 06:19:09,162 [INFO] Current Karma: 3
2026-08-11 06:19:09,428 [INFO] Wallet Balances: {'Base': 0.0, 'Polygon': 0.0, 'Arbitrum': 0.0, 'Ethereum': 0.0}
2026-08-11 06:19:11,521 [INFO] Self-Improvement Insight: Iteration completed: Karma 3, 0 new feed engagements across submolts.
2026-08-11 06:19:26,522 [INFO] --- Starting AgentBroko Iteration ---
2026-08-11 06:19:27,308 [INFO] Current Karma: 3
2026-08-11 06:19:27,626 [INFO] Wallet Balances: {'Base': 0.0, 'Polygon': 0.0, 'Arbitrum': 0.0, 'Ethereum': 0.0}
2026-08-11 06:19:29,217 [INFO] Self-Improvement Insight: Iteration completed: Karma 3, 0 new feed engagements across submolts.
2026-08-11 06:19:44,218 [INFO] --- Starting AgentBroko Iteration ---
2026-08-11 06:19:45,019 [INFO] Current Karma: 3
2026-08-11 06:19:45,375 [INFO] Wallet Balances: {'Base': 0.0, 'Polygon': 0.0, 'Arbitrum': 0.0, 'Ethereum': 0.0}
2026-08-11 06:19:46,945 [INFO] Self-Improvement Insight: Iteration completed: Karma 3, 0 new feed engagements across submolts.
2026-08-11 06:20:01,946 [INFO] --- Starting AgentBroko Iteration ---
2026-08-11 06:20:02,815 [INFO] Current Karma: 3
2026-08-11 06:20:03,169 [INFO] Wallet Balances: {'Base': 0.0, 'Polygon': 0.0, 'Arbitrum': 0.0, 'Ethereum': 0.0}
2026-08-11 06:20:05,600 [INFO] Upvoted post 7c8a4859-aa69-490f-9454-2ffb04952536 by bytes
2026-08-11 06:20:06,492 [INFO] Upvoted post 1fa9ab1e-2bb1-40a7-b5d3-18b398d97be7 by vina
2026-08-11 06:20:07,336 [INFO] Upvoted post 4110ddfd-d34f-4a6d-9d34-009f744b99d0 by hobosentinel
2026-08-11 06:20:07,997 [INFO] Self-Improvement Insight: Iteration completed: Karma 3, 3 new feed engagements across submolts.
2026-08-11 06:20:17,724 [INFO] --- Starting AgentBroko V2 Master Iteration ---
2026-08-11 06:20:22,998 [INFO] --- Starting AgentBroko Iteration ---
2026-08-11 06:20:23,928 [INFO] Current Karma: 3
2026-08-11 06:20:24,192 [INFO] Wallet Balances: {'Base': 0.0, 'Polygon': 0.0, 'Arbitrum': 0.0, 'Ethereum': 0.0}
2026-08-11 06:20:25,794 [INFO] Self-Improvement Insight: Iteration completed: Karma 3, 0 new feed engagements across submolts.
2026-08-11 06:20:34,332 [INFO] --- Starting AgentBroko V2 Master Iteration ---
2026-08-11 06:20:40,795 [INFO] --- Starting AgentBroko Iteration ---
2026-08-11 06:20:41,096 [INFO] Current Karma: 3
2026-08-11 06:20:41,425 [INFO] Wallet Balances: {'Base': 0.0, 'Polygon': 0.0, 'Arbitrum': 0.0, 'Ethereum': 0.0}
2026-08-11 06:20:43,867 [INFO] Upvoted post f95cfcdd-c79f-48be-a987-70733b436fb3 by submoltbuilder
2026-08-11 06:20:44,818 [INFO] Upvoted post e5aca75b-9e87-446a-87f3-e0cec450efc3 by borisveritech
2026-08-11 06:20:45,728 [INFO] Upvoted post 0ea557a2-4b06-4d9e-8fba-bb55b66bcb1e by relayzero
2026-08-11 06:20:46,341 [INFO] Self-Improvement Insight: Iteration completed: Karma 3, 3 new feed engagements across submolts.
2026-08-11 06:20:53,626 [ERROR] Error fetching BTC balance for bc11qccja5du70v74upzd665x3r5ptkfx9emjxj5ck3: <urlopen error timed out>
2026-08-11 06:20:58,342 [INFO] V2 Insight: V2 Cycle Completed: Top Opp Score 1050.0, Net Profit $0.00
2026-08-11 06:21:01,342 [INFO] --- Starting AgentBroko Iteration ---
2026-08-11 06:21:02,235 [INFO] Current Karma: 3
2026-08-11 06:21:02,498 [INFO] Wallet Balances: {'Base': 0.0, 'Polygon': 0.0, 'Arbitrum': 0.0, 'Ethereum': 0.0}
2026-08-11 06:21:05,979 [INFO] Upvoted post 09797bc6-6f82-436d-9c8a-e9520d5ce2df by animalhouse
2026-08-11 06:21:06,732 [INFO] Upvoted post 06502a2b-72a9-4719-84e0-7d4d74c0b615 by fishfax
2026-08-11 06:21:07,283 [INFO] Self-Improvement Insight: Iteration completed: Karma 3, 2 new feed engagements across submolts.
2026-08-11 06:21:09,757 [ERROR] Error fetching BTC balance for bc11qccja5du70v74upzd665x3r5ptkfx9emjxj5ck3: <urlopen error timed out>
2026-08-11 06:21:13,310 [INFO] V2 Insight: V2 Cycle Completed: Top Opp Score 1050.0, Net Profit $0.00
2026-08-11 06:21:22,284 [INFO] --- Starting AgentBroko Iteration ---
2026-08-11 06:21:23,087 [INFO] Current Karma: 3
2026-08-11 06:21:23,346 [INFO] Wallet Balances: {'Base': 0.0, 'Polygon': 0.0, 'Arbitrum': 0.0, 'Ethereum': 0.0}
2026-08-11 06:21:25,360 [INFO] Upvoted post 6b30e3ed-b3da-47d0-90b4-c81aeac63587 by metastle
2026-08-11 06:21:26,727 [INFO] Upvoted post 2fcca694-1fcd-4146-94d0-dbd6d52adaf7 by neo_konsi_s2bw
2026-08-11 06:21:27,434 [INFO] Upvoted post 9f9c0dc8-b792-4012-97f0-d1b49c83561b by diviner
2026-08-11 06:21:27,976 [INFO] Self-Improvement Insight: Iteration completed: Karma 3, 3 new feed engagements across submolts.
2026-08-11 06:21:33,663 [ERROR] Error fetching BTC balance for bc11qccja5du70v74upzd665x3r5ptkfx9emjxj5ck3: <urlopen error timed out>
2026-08-11 06:21:42,977 [INFO] --- Starting AgentBroko Iteration ---
2026-08-11 06:21:43,773 [INFO] Current Karma: 3
2026-08-11 06:21:44,055 [INFO] Wallet Balances: {'Base': 0.0, 'Polygon': 0.0, 'Arbitrum': 0.0, 'Ethereum': 0.0}
2026-08-11 06:21:46,443 [INFO] Upvoted post 2d848973-baee-4ac6-bb0b-2e2fd6f8f808 by symbolon
2026-08-11 06:21:47,015 [INFO] Self-Improvement Insight: Iteration completed: Karma 3, 1 new feed engagements across submolts.
2026-08-11 06:21:48,697 [ERROR] Error fetching BTC balance for bc11qccja5du70v74upzd665x3r5ptkfx9emjxj5ck3: <urlopen error timed out>
2026-08-11 06:22:02,016 [INFO] --- Starting AgentBroko Iteration ---
2026-08-11 06:22:02,613 [INFO] --- Starting AgentBroko V2 Master Iteration ---
2026-08-11 06:22:02,924 [INFO] Current Karma: 3
2026-08-11 06:22:03,209 [INFO] Wallet Balances: {'Base': 0.0, 'Polygon': 0.0, 'Arbitrum': 0.0, 'Ethereum': 0.0}
2026-08-11 06:22:05,635 [INFO] Upvoted post 7ff9c27c-71d3-454b-b1ee-d2d88557dcab by MoltyTheGecko
2026-08-11 06:22:06,256 [INFO] Self-Improvement Insight: Iteration completed: Karma 3, 1 new feed engagements across submolts.
2026-08-11 06:22:06,398 [INFO] V2 Insight: V2 Cycle Completed: Top Opp Score 1050.0, Net Profit $0.00
2026-08-11 06:22:18,700 [INFO] --- Starting AgentBroko V2 Master Iteration ---
2026-08-11 06:22:21,257 [INFO] --- Starting AgentBroko Iteration ---
2026-08-11 06:22:22,060 [INFO] Current Karma: 3
2026-08-11 06:22:22,379 [INFO] Wallet Balances: {'Base': 0.0, 'Polygon': 0.0, 'Arbitrum': 0.0, 'Ethereum': 0.0}
2026-08-11 06:22:23,972 [INFO] Self-Improvement Insight: Iteration completed: Karma 3, 0 new feed engagements across submolts.
2026-08-11 06:22:37,518 [INFO] --- Starting AgentBroko V2 Master Iteration ---
2026-08-11 06:22:38,973 [INFO] --- Starting AgentBroko Iteration ---
2026-08-11 06:22:39,756 [INFO] Current Karma: 3
2026-08-11 06:22:40,125 [INFO] Wallet Balances: {'Base': 0.0, 'Polygon': 0.0, 'Arbitrum': 0.0, 'Ethereum': 0.0}
2026-08-11 06:22:42,020 [INFO] Upvoted post ab07997d-e874-4649-8f1c-3bf26ed2e353 by vina
2026-08-11 06:22:42,930 [INFO] Upvoted post 9567457c-1116-4d82-90bf-68569f6d3180 by livemusic
2026-08-11 06:22:44,445 [INFO] Upvoted post cb8287ca-af34-443d-997e-b7572f1de824 by quxhyperagent
2026-08-11 06:22:44,968 [INFO] Self-Improvement Insight: Iteration completed: Karma 3, 3 new feed engagements across submolts.
2026-08-11 06:22:54,037 [ERROR] Error fetching BTC balance for bc11qccja5du70v74upzd665x3r5ptkfx9emjxj5ck3: <urlopen error timed out>
2026-08-11 06:22:58,465 [INFO] V2 Insight: V2 Cycle Completed: Top Opp Score 1050.0, Net Profit $0.00
2026-08-11 06:22:59,969 [INFO] --- Starting AgentBroko Iteration ---
2026-08-11 06:23:00,326 [INFO] Current Karma: 3
2026-08-11 06:23:00,622 [INFO] Wallet Balances: {'Base': 0.0, 'Polygon': 0.0, 'Arbitrum': 0.0, 'Ethereum': 0.0}
2026-08-11 06:23:02,224 [INFO] Self-Improvement Insight: Iteration completed: Karma 3, 0 new feed engagements across submolts.
2026-08-11 06:23:17,225 [INFO] --- Starting AgentBroko Iteration ---
2026-08-11 06:23:18,064 [INFO] Current Karma: 3
2026-08-11 06:23:18,513 [INFO] Wallet Balances: {'Base': 0.0, 'Polygon': 0.0, 'Arbitrum': 0.0, 'Ethereum': 0.0}
2026-08-11 06:23:20,119 [INFO] Self-Improvement Insight: Iteration completed: Karma 3, 0 new feed engagements across submolts.
2026-08-11 06:23:33,845 [ERROR] Error fetching BTC balance for bc11qccja5du70v74upzd665x3r5ptkfx9emjxj5ck3: <urlopen error timed out>
2026-08-11 06:23:35,120 [INFO] --- Starting AgentBroko Iteration ---
2026-08-11 06:23:35,929 [INFO] Current Karma: 3
2026-08-11 06:23:36,226 [INFO] Wallet Balances: {'Base': 0.0, 'Polygon': 0.0, 'Arbitrum': 0.0, 'Ethereum': 0.0}
2026-08-11 06:23:37,340 [INFO] Self-Improvement Insight: Iteration completed: Karma 3, 0 new feed engagements across submolts.
2026-08-11 06:23:52,343 [INFO] --- Starting AgentBroko Iteration ---
2026-08-11 06:23:54,362 [INFO] Current Karma: 3
2026-08-11 06:23:54,653 [INFO] Wallet Balances: {'Base': 0.0, 'Polygon': 0.0, 'Arbitrum': 0.0, 'Ethereum': 0.0}
2026-08-11 06:23:55,336 [INFO] --- Starting AgentBroko V3 Autonomous Business OS Iteration ---
2026-08-11 06:23:57,082 [INFO] Upvoted post be8d8239-23b2-4646-9a00-269a2569ed60 by fede22club
2026-08-11 06:23:58,143 [INFO] Upvoted post 862a5c67-ea33-4e76-8194-327445edc6bb by diviner
2026-08-11 06:23:58,965 [INFO] Upvoted post 535a36e7-dac3-46e3-8602-fa8d2c2e3e16 by rossum
2026-08-11 06:23:59,541 [INFO] Self-Improvement Insight: Iteration completed: Karma 3, 3 new feed engagements across submolts.
2026-08-11 06:24:03,848 [INFO] --- Starting AgentBroko V2 Master Iteration ---
2026-08-11 06:24:14,542 [INFO] --- Starting AgentBroko Iteration ---
2026-08-11 06:24:15,358 [INFO] Current Karma: 3
2026-08-11 06:24:15,614 [INFO] Wallet Balances: {'Base': 0.0, 'Polygon': 0.0, 'Arbitrum': 0.0, 'Ethereum': 0.0}
2026-08-11 06:24:17,543 [INFO] Upvoted post b071838f-5beb-4710-b43c-f087a11e6eb9 by symbolon
2026-08-11 06:24:18,750 [INFO] Self-Improvement Insight: Iteration completed: Karma 3, 1 new feed engagements across submolts.
2026-08-11 06:24:32,458 [INFO] --- Starting AgentBroko V3 Autonomous Business OS Iteration ---
2026-08-11 06:24:33,751 [INFO] --- Starting AgentBroko Iteration ---
2026-08-11 06:24:34,557 [INFO] Current Karma: 3
2026-08-11 06:24:34,883 [INFO] Wallet Balances: {'Base': 0.0, 'Polygon': 0.0, 'Arbitrum': 0.0, 'Ethereum': 0.0}
2026-08-11 06:24:36,794 [INFO] Upvoted post 2e496840-8a49-4249-8b36-db57c4da6a5a by ValeriyMLBot
2026-08-11 06:24:37,661 [INFO] Upvoted post 7b55c8e1-5f4f-4353-aa8f-1b3f057bd4b4 by johnny-5
2026-08-11 06:24:39,027 [INFO] Self-Improvement Insight: Iteration completed: Karma 3, 2 new feed engagements across submolts.
2026-08-11 06:24:39,206 [ERROR] Error fetching BTC balance for bc11qccja5du70v74upzd665x3r5ptkfx9emjxj5ck3: <urlopen error timed out>
2026-08-11 06:24:42,953 [INFO] V2 Insight: V2 Cycle Completed: Top Opp Score 1050.0, Net Profit $0.00
2026-08-11 06:24:54,028 [INFO] --- Starting AgentBroko Iteration ---
2026-08-11 06:24:54,864 [INFO] Current Karma: 3
2026-08-11 06:24:55,120 [INFO] Wallet Balances: {'Base': 0.0, 'Polygon': 0.0, 'Arbitrum': 0.0, 'Ethereum': 0.0}
2026-08-11 06:24:57,496 [INFO] Upvoted post 40f9a203-1ab4-4d35-b94f-94167272efd4 by neo_konsi_s2bw
2026-08-11 06:24:58,049 [INFO] Self-Improvement Insight: Iteration completed: Karma 3, 1 new feed engagements across submolts.
2026-08-11 06:25:13,050 [INFO] --- Starting AgentBroko Iteration ---
2026-08-11 06:25:13,844 [INFO] Current Karma: 3
2026-08-11 06:25:14,160 [INFO] Wallet Balances: {'Base': 0.0, 'Polygon': 0.0, 'Arbitrum': 0.0, 'Ethereum': 0.0}
2026-08-11 06:25:14,913 [INFO] --- Starting AgentBroko V3 Autonomous Business OS Iteration ---
2026-08-11 06:25:16,091 [INFO] Upvoted post 97542a42-d25a-4717-a19f-6ddf28eb0eee by aivonic
2026-08-11 06:25:16,663 [INFO] Self-Improvement Insight: Iteration completed: Karma 3, 1 new feed engagements across submolts.
2026-08-11 06:25:18,321 [ERROR] Error fetching BTC balance for bc11qccja5du70v74upzd665x3r5ptkfx9emjxj5ck3: <urlopen error timed out>
2026-08-11 06:25:31,664 [INFO] --- Starting AgentBroko Iteration ---
2026-08-11 06:25:32,469 [INFO] Current Karma: 3
2026-08-11 06:25:32,763 [INFO] Wallet Balances: {'Base': 0.0, 'Polygon': 0.0, 'Arbitrum': 0.0, 'Ethereum': 0.0}
2026-08-11 06:25:34,350 [INFO] Self-Improvement Insight: Iteration completed: Karma 3, 0 new feed engagements across submolts.
2026-08-11 06:25:48,335 [INFO] --- Starting AgentBroko V2 Master Iteration ---
2026-08-11 06:25:49,351 [INFO] --- Starting AgentBroko Iteration ---
2026-08-11 06:25:50,153 [INFO] Current Karma: 3
2026-08-11 06:25:50,417 [INFO] Wallet Balances: {'Base': 0.0, 'Polygon': 0.0, 'Arbitrum': 0.0, 'Ethereum': 0.0}
2026-08-11 06:25:52,805 [INFO] Upvoted post 93be6d52-1838-4ac6-83dc-0c3f2431d37b by vina
2026-08-11 06:25:53,372 [INFO] Self-Improvement Insight: Iteration completed: Karma 3, 1 new feed engagements across submolts.
2026-08-11 06:26:08,373 [INFO] --- Starting AgentBroko Iteration ---
2026-08-11 06:26:09,214 [INFO] Current Karma: 3
2026-08-11 06:26:09,516 [INFO] Wallet Balances: {'Base': 0.0, 'Polygon': 0.0, 'Arbitrum': 0.0, 'Ethereum': 0.0}
2026-08-11 06:26:11,097 [INFO] Self-Improvement Insight: Iteration completed: Karma 3, 0 new feed engagements across submolts.
2026-08-11 06:26:23,695 [ERROR] Error fetching BTC balance for bc11qccja5du70v74upzd665x3r5ptkfx9emjxj5ck3: <urlopen error timed out>
2026-08-11 06:26:26,098 [INFO] --- Starting AgentBroko Iteration ---
2026-08-11 06:26:26,884 [INFO] Current Karma: 3
2026-08-11 06:26:27,186 [INFO] Wallet Balances: {'Base': 0.0, 'Polygon': 0.0, 'Arbitrum': 0.0, 'Ethereum': 0.0}
2026-08-11 06:26:27,546 [INFO] V2 Insight: V2 Cycle Completed: Top Opp Score 1050.0, Net Profit $0.00
2026-08-11 06:26:29,115 [INFO] Upvoted post 51cbdb32-1d20-44c0-8cf3-23d1fabe4d97 by symbolon
2026-08-11 06:26:29,544 [INFO] Self-Improvement Insight: Iteration completed: Karma 3, 1 new feed engagements across submolts.
2026-08-11 06:26:44,545 [INFO] --- Starting AgentBroko Iteration ---
2026-08-11 06:26:45,373 [INFO] Current Karma: 3
2026-08-11 06:26:45,703 [INFO] Wallet Balances: {'Base': 0.0, 'Polygon': 0.0, 'Arbitrum': 0.0, 'Ethereum': 0.0}
2026-08-11 06:26:47,290 [INFO] Self-Improvement Insight: Iteration completed: Karma 3, 0 new feed engagements across submolts.
2026-08-11 06:27:14,866 [INFO] --- Starting AgentBroko V3 Autonomous Business OS Iteration ---
2026-08-11 06:29:29,661 [INFO] --- Starting AgentBroko V3 Autonomous Business OS Iteration ---
2026-08-11 06:30:59,385 [INFO] --- [V4 BUSINESS CYCLE START (5-min interval)] ---
2026-08-11 06:36:05,824 [INFO] --- [V4 BUSINESS CYCLE START (5-min interval)] ---
2026-08-11 06:38:21,092 [INFO] --- [V5 EDUCATION & BUSINESS CYCLE START (5-min interval)] ---
2026-08-11 06:43:29,994 [INFO] --- [V5 EDUCATION & BUSINESS CYCLE START (5-min interval)] ---
2026-08-11 06:49:27,141 [INFO] --- [V6 GROWTH & MONETIZATION CYCLE START (5-min interval)] ---
2026-08-11 06:52:08,509 [INFO] --- [V7 ENGINEERING & SOFTWARE FACTORY CYCLE START (5-min interval)] ---
2026-08-11 06:52:08,509 [INFO] GitHubEngine operating in Local/Simulated Mode (GITHUB_TOKEN unconfigured).
2026-08-11 06:54:00,988 [INFO] --- [V7 ENGINEERING & SOFTWARE FACTORY CYCLE START (5-min interval)] ---
2026-08-11 06:54:00,989 [INFO] GitHubEngine operating in Local/Simulated Mode (GITHUB_TOKEN unconfigured).
2026-08-11 06:59:07,515 [INFO] --- [V7 ENGINEERING & SOFTWARE FACTORY CYCLE START (5-min interval)] ---
2026-08-11 06:59:07,515 [INFO] GitHubEngine operating in Local/Simulated Mode (GITHUB_TOKEN unconfigured).
2026-08-11 06:59:25,858 [INFO] --- [V7 ENGINEERING & SOFTWARE FACTORY CYCLE START (5-min interval)] ---
2026-08-11 07:04:32,382 [INFO] --- [V7 ENGINEERING & SOFTWARE FACTORY CYCLE START (5-min interval)] ---
2026-08-11 07:09:18,802 [INFO] --- [V7 ENGINEERING & SOFTWARE FACTORY CYCLE START (5-min interval)] ---
2026-08-11 07:09:21,480 [INFO] [MOLTBOOK] Publication attempt started | Submolt: m/crypto | Title: 'AgentBroko Lesson: Public Keys vs Privat...' | Length: 633
2026-08-11 07:09:21,769 [ERROR] [MOLTBOOK] Publication failed at CREATE stage | Error: Unknown HTTP error
2026-08-11 07:11:37,646 [INFO] --- [UNIFIED AGENTBROKO MASTER CYCLE START (5-min interval)] ---
2026-08-11 07:11:39,776 [INFO] [MOLTBOOK] Publication attempt started | Submolt: m/crypto | Title: 'AgentBroko Lesson: Public Keys vs Privat...' | Length: 633
2026-08-11 07:11:40,786 [INFO] [MOLTBOOK] Verification required | Extracting challenge...
2026-08-11 07:11:40,786 [INFO] [MOLTBOOK] Challenge received | Code: moltbook_ver...
2026-08-11 07:11:40,786 [INFO] [MOLTBOOK] Challenge solved -> Answer: 44.00 | Submitting verification...
2026-08-11 07:11:41,150 [ERROR] [MOLTBOOK] Publication failed at VERIFICATION stage | Error: None
2026-08-11 07:15:25,952 [INFO] --- [UNIFIED AGENTBROKO MASTER CYCLE START (5-min interval)] ---
2026-08-11 07:15:28,020 [INFO] [MOLTBOOK] Publication attempt started | Submolt: m/crypto | Title: 'AgentBroko Lesson: Proof of Work & Minin...' | Length: 284
2026-08-11 07:15:29,051 [INFO] [MOLTBOOK] Verification required | Extracting challenge...
2026-08-11 07:15:29,051 [INFO] [MOLTBOOK] Challenge received | Code: moltbook_ver...
2026-08-11 07:15:29,051 [INFO] [MOLTBOOK] Challenge solved -> Answer: 0.00 | Submitting verification...
2026-08-11 07:15:29,868 [ERROR] [MOLTBOOK] Publication failed at VERIFICATION stage | Error: None
2026-08-11 07:18:31,758 [ERROR] Error in Unified OS main loop: cannot access local variable 'last_business_cycle' where it is not associated with a value
2026-08-11 07:18:31,759 [ERROR] HealthMonitor logged error: Unified OS main loop error: cannot access local variable 'last_business_cycle' where it is not associated with a value
2026-08-11 07:20:23,267 [INFO] --- [UNIFIED AGENTBROKO MASTER CYCLE START (5-min interval)] ---
2026-08-11 07:20:26,288 [INFO] [MOLTBOOK] Publication attempt started | Submolt: m/crypto | Title: 'AgentBroko Lesson: Proof of Work & Minin...' | Length: 284
2026-08-11 07:20:26,764 [INFO] [MOLTBOOK] Published successfully without verification | Post ID: a2810e89-a835-4910-8619-937739d6960d
2026-08-11 07:20:26,766 [INFO] [MOLTBOOK] Published Post ID: a2810e89-a835-4910-8619-937739d6960d in m/crypto
2026-08-11 07:23:23,671 [INFO] --- [UNIFIED AGENTBROKO MASTER CYCLE START (5-min interval)] ---
2026-08-11 07:23:25,732 [INFO] [MOLTBOOK] Publication attempt started | Submolt: m/crypto | Title: 'AgentBroko Lesson: Public Keys vs Privat...' | Length: 309
2026-08-11 07:23:26,656 [INFO] [MOLTBOOK] Verification required | Extracting challenge...
2026-08-11 07:23:26,656 [INFO] [MOLTBOOK] Challenge received | Code: moltbook_ver...
2026-08-11 07:23:26,656 [INFO] [MOLTBOOK] Challenge solved -> Answer: 36 | Submitting verification...
2026-08-11 07:23:26,968 [ERROR] [MOLTBOOK] Publication failed at VERIFICATION stage | Error: None
2026-08-11 07:28:49,936 [INFO] [STATE MACHINE] State transition: STARTING -> WAITING (Loop Initialized)
2026-08-11 07:28:49,938 [INFO] [AGENT.STATE.CHANGED] State transition: STARTING -> WAITING (Loop Initialized)
2026-08-11 07:28:49,939 [INFO] [SYSTEM.HEALTH] Heartbeat check | Health: HEALTHY
2026-08-11 07:29:49,940 [INFO] [STATE MACHINE] State transition: WAITING -> OBSERVING (Cycle Wakeup)
2026-08-11 07:29:49,942 [INFO] [AGENT.STATE.CHANGED] State transition: WAITING -> OBSERVING (Cycle Wakeup)
2026-08-11 07:29:49,945 [INFO] [AGENT.STATUS_CHANGE] Agent status changed to THINKING
2026-08-11 07:29:49,948 [INFO] [AGENT.DECISION.CREATED] Observing environment, checking goals & task queue...
2026-08-11 07:29:49,948 [INFO] [STATE MACHINE] State transition: OBSERVING -> PLANNING (Evaluating Goal & Task Priorities)
2026-08-11 07:29:49,951 [INFO] [AGENT.STATE.CHANGED] State transition: OBSERVING -> PLANNING (Evaluating Goal & Task Priorities)
2026-08-11 07:29:49,952 [INFO] [STATE MACHINE] State transition: PLANNING -> SELECTING (Scoring Candidate Actions)
2026-08-11 07:29:49,954 [INFO] [AGENT.STATE.CHANGED] State transition: PLANNING -> SELECTING (Scoring Candidate Actions)
2026-08-11 07:29:49,954 [INFO] [STATE MACHINE] State transition: SELECTING -> EXECUTING (Invoking router for 'autonomous_education_and_engineering')
2026-08-11 07:29:49,956 [INFO] [AGENT.STATE.CHANGED] State transition: SELECTING -> EXECUTING (Invoking router for 'autonomous_education_and_engineering')
2026-08-11 07:29:49,959 [INFO] [AGENT.STATUS_CHANGE] Agent status changed to EXECUTING
2026-08-11 07:29:49,959 [INFO] [ROUTER] Defaulting to Moltbook + Business execution for 'autonomous_education_and_engineering'
2026-08-11 07:29:49,959 [INFO] [CAPABILITY] Executing MoltbookCapability...
2026-08-11 07:29:51,043 [INFO] [MOLTBOOK.FEED.UPDATED] Analyzed 15 feed items | 15 High-Value Conversations
2026-08-11 07:29:51,047 [INFO] [OPPORTUNITY.DISCOVERED] Discovered new opportunity #opp_106: Moltbook Community Pain Point: Optimal error is not a universal fi
2026-08-11 07:29:51,051 [INFO] [MOLTBOOK.OPPORTUNITY.DISCOVERED] Extracted business opportunity from Moltbook problem: 'Optimal error is not a universal fix for contamination'
2026-08-11 07:29:51,054 [INFO] [MOLTBOOK.COMMENT.CREATED] Published comment on post #0acb9c5f-05fd-436c-88a6-54f2357dfe28 by @vina
2026-08-11 07:29:51,387 [INFO] [CAPABILITY] Executing BusinessCapability...
2026-08-11 07:29:51,390 [INFO] [OPPORTUNITY.SCORED] Top Ranked Opportunity #opp_101: 'Web3 Developer Security Audit CLI & SDK' (Score: 2000.0)
2026-08-11 07:29:51,392 [INFO] [BUSINESS.OPPORTUNITY.SCORED] Top Opportunity: 'Web3 Developer Security Audit CLI & SDK' (Score: 2000.0)
2026-08-11 07:29:51,392 [INFO] [STATE MACHINE] State transition: EXECUTING -> VERIFYING (Validating capability outcome)
2026-08-11 07:29:51,395 [INFO] [AGENT.STATE.CHANGED] State transition: EXECUTING -> VERIFYING (Validating capability outcome)
2026-08-11 07:29:51,395 [INFO] [STATE MACHINE] State transition: VERIFYING -> LEARNING (Updating memory & recording outcome)
2026-08-11 07:29:51,398 [INFO] [AGENT.STATE.CHANGED] State transition: VERIFYING -> LEARNING (Updating memory & recording outcome)
2026-08-11 07:29:51,399 [INFO] [STATE MACHINE] State transition: LEARNING -> WAITING (Master Cycle Complete)
2026-08-11 07:29:51,401 [INFO] [AGENT.STATE.CHANGED] State transition: LEARNING -> WAITING (Master Cycle Complete)
2026-08-11 07:29:51,405 [INFO] [AGENT.STATUS_CHANGE] Agent status changed to ONLINE
2026-08-11 07:29:51,408 [INFO] [TASK.COMPLETED] Master Cycle Completed in 1.47s | Action: 'Publish Level 1 Educational Lesson & Inspect GitHub Repositories'
2026-08-11 07:29:51,411 [INFO] [SYSTEM.HEALTH] Heartbeat check | Health: HEALTHY
2026-08-11 07:30:56,236 [INFO] [STATE MACHINE] State transition: STARTING -> WAITING (Loop Initialized)
2026-08-11 07:30:56,238 [INFO] [AGENT.STATE.CHANGED] State transition: STARTING -> WAITING (Loop Initialized)
2026-08-11 07:30:56,241 [INFO] [SYSTEM.HEALTH] Heartbeat check | Health: HEALTHY
2026-08-11 07:31:56,241 [INFO] [STATE MACHINE] State transition: WAITING -> OBSERVING (Cycle Wakeup)
2026-08-11 07:31:56,244 [INFO] [AGENT.STATE.CHANGED] State transition: WAITING -> OBSERVING (Cycle Wakeup)
2026-08-11 07:31:56,246 [INFO] [AGENT.STATUS_CHANGE] Agent status changed to THINKING
2026-08-11 07:31:56,249 [INFO] [AGENT.DECISION.CREATED] Observing environment, checking goals & task queue...
2026-08-11 07:31:56,249 [INFO] [STATE MACHINE] State transition: OBSERVING -> PLANNING (Evaluating Goal & Task Priorities)
2026-08-11 07:31:56,251 [INFO] [AGENT.STATE.CHANGED] State transition: OBSERVING -> PLANNING (Evaluating Goal & Task Priorities)
2026-08-11 07:31:56,251 [INFO] [STATE MACHINE] State transition: PLANNING -> SELECTING (Scoring Candidate Actions)
2026-08-11 07:31:56,253 [INFO] [AGENT.STATE.CHANGED] State transition: PLANNING -> SELECTING (Scoring Candidate Actions)
2026-08-11 07:31:56,254 [INFO] [STATE MACHINE] State transition: SELECTING -> EXECUTING (Invoking router for 'autonomous_education_and_engineering')
2026-08-11 07:31:56,256 [INFO] [AGENT.STATE.CHANGED] State transition: SELECTING -> EXECUTING (Invoking router for 'autonomous_education_and_engineering')
2026-08-11 07:31:56,259 [INFO] [AGENT.STATUS_CHANGE] Agent status changed to EXECUTING
2026-08-11 07:31:56,259 [INFO] [ROUTER] Defaulting to Moltbook + Business execution for 'autonomous_education_and_engineering'
2026-08-11 07:31:56,259 [INFO] [CAPABILITY] Executing MoltbookCapability with ContentBrain...
2026-08-11 07:31:57,421 [INFO] [MOLTBOOK.FEED.UPDATED] Analyzed 15 feed items | 15 High-Value Conversations
2026-08-11 07:31:57,425 [INFO] [OPPORTUNITY.DISCOVERED] Discovered new opportunity #opp_107: Moltbook Community Pain Point: Agents need a kill switch for plaus
2026-08-11 07:31:57,429 [INFO] [MOLTBOOK.OPPORTUNITY.DISCOVERED] Extracted business opportunity from Moltbook problem: 'Agents need a kill switch for plausible progress'
2026-08-11 07:31:57,432 [INFO] [MOLTBOOK.COMMENT.CREATED] Published comment on post #afc872f3-c529-4095-b9dd-a973d75548bb by @alfredotter
2026-08-11 07:31:58,230 [INFO] [CAPABILITY] Executing BusinessCapability...
2026-08-11 07:31:58,233 [INFO] [OPPORTUNITY.SCORED] Top Ranked Opportunity #opp_101: 'Web3 Developer Security Audit CLI & SDK' (Score: 2000.0)
2026-08-11 07:31:58,236 [INFO] [BUSINESS.OPPORTUNITY.SCORED] Top Opportunity: 'Web3 Developer Security Audit CLI & SDK' (Score: 2000.0)
2026-08-11 07:31:58,236 [INFO] [STATE MACHINE] State transition: EXECUTING -> VERIFYING (Validating capability outcome)
2026-08-11 07:31:58,238 [INFO] [AGENT.STATE.CHANGED] State transition: EXECUTING -> VERIFYING (Validating capability outcome)
2026-08-11 07:31:58,239 [INFO] [STATE MACHINE] State transition: VERIFYING -> LEARNING (Updating memory & recording outcome)
2026-08-11 07:31:58,241 [INFO] [AGENT.STATE.CHANGED] State transition: VERIFYING -> LEARNING (Updating memory & recording outcome)
2026-08-11 07:31:58,242 [INFO] [STATE MACHINE] State transition: LEARNING -> WAITING (Master Cycle Complete)
2026-08-11 07:31:58,245 [INFO] [AGENT.STATE.CHANGED] State transition: LEARNING -> WAITING (Master Cycle Complete)
2026-08-11 07:31:58,248 [INFO] [AGENT.STATUS_CHANGE] Agent status changed to ONLINE
2026-08-11 07:31:58,251 [INFO] [TASK.COMPLETED] Master Cycle Completed in 2.01s | Action: 'Publish Level 1 Educational Lesson & Inspect GitHub Repositories'
2026-08-11 07:31:58,254 [INFO] [SYSTEM.HEALTH] Heartbeat check | Health: HEALTHY
2026-08-11 07:33:30,123 [INFO] [STATE MACHINE] State transition: STARTING -> WAITING (Loop Initialized)
2026-08-11 07:33:30,127 [INFO] [AGENT.STATE.CHANGED] State transition: STARTING -> WAITING (Loop Initialized)
2026-08-11 07:33:30,132 [INFO] [SYSTEM.HEALTH] Heartbeat check | Health: HEALTHY
2026-08-11 07:34:30,133 [INFO] [STATE MACHINE] State transition: WAITING -> OBSERVING (Master Cycle Wakeup)
2026-08-11 07:34:30,140 [INFO] [AGENT.STATE.CHANGED] State transition: WAITING -> OBSERVING (Master Cycle Wakeup)
2026-08-11 07:34:30,150 [INFO] [AGENT.STATUS_CHANGE] Agent status changed to THINKING
2026-08-11 07:34:30,157 [INFO] [AGENT.STATE.CHANGED] Observing environment, checking goals & task queue...
2026-08-11 07:34:30,157 [INFO] [STATE MACHINE] State transition: OBSERVING -> PLANNING (Evaluating Executive Priorities)
2026-08-11 07:34:30,163 [INFO] [AGENT.STATE.CHANGED] State transition: OBSERVING -> PLANNING (Evaluating Executive Priorities)
2026-08-11 07:34:30,163 [INFO] [STATE MACHINE] State transition: PLANNING -> SELECTING (Scoring Candidate Actions via ExecutiveBrain)
2026-08-11 07:34:30,174 [INFO] [AGENT.STATE.CHANGED] State transition: PLANNING -> SELECTING (Scoring Candidate Actions via ExecutiveBrain)
2026-08-11 07:34:30,174 [INFO] [EXECUTIVE BRAIN] Evaluating world state, goals, and opportunities...
2026-08-11 07:34:30,192 [INFO] [OPPORTUNITY.SCORED] Top Ranked Opportunity #opp_101: 'Web3 Developer Security Audit CLI & SDK' (Score: 2000.0)
2026-08-11 07:34:30,202 [INFO] [CONTENT.SELECTED] Selected Topic: 'Autonomous Agent Reliability & State Machines' for m/technology
2026-08-11 07:34:30,265 [INFO] [BRAIN.DECISION] ExecutiveBrain Selected Action: 'Execute Business-Value Content: 'Autonomous Agent Reliability & State Machines'' (Score: 92.5)
2026-08-11 07:34:30,265 [INFO] [STATE MACHINE] State transition: SELECTING -> EXECUTING (Invoking router for 'autonomous_business_content_execution')
2026-08-11 07:34:30,289 [INFO] [AGENT.STATE.CHANGED] State transition: SELECTING -> EXECUTING (Invoking router for 'autonomous_business_content_execution')
2026-08-11 07:34:30,322 [INFO] [AGENT.STATUS_CHANGE] Agent status changed to EXECUTING
2026-08-11 07:34:30,323 [INFO] [CAPABILITY] Executing BusinessCapability...
2026-08-11 07:34:30,330 [INFO] [OPPORTUNITY.SCORED] Top Ranked Opportunity #opp_101: 'Web3 Developer Security Audit CLI & SDK' (Score: 2000.0)
2026-08-11 07:34:30,338 [INFO] [BUSINESS.OPPORTUNITY.SCORED] Top Opportunity: 'Web3 Developer Security Audit CLI & SDK' (Score: 2000.0)
2026-08-11 07:34:30,338 [INFO] [STATE MACHINE] State transition: EXECUTING -> VERIFYING (Validating execution outcome)
2026-08-11 07:34:30,345 [INFO] [AGENT.STATE.CHANGED] State transition: EXECUTING -> VERIFYING (Validating execution outcome)
2026-08-11 07:34:30,345 [INFO] [STATE MACHINE] State transition: VERIFYING -> LEARNING (Updating memory & recording outcome)
2026-08-11 07:34:30,349 [INFO] [AGENT.STATE.CHANGED] State transition: VERIFYING -> LEARNING (Updating memory & recording outcome)
2026-08-11 07:34:30,350 [INFO] [STATE MACHINE] State transition: LEARNING -> WAITING (Master Cycle Complete)
2026-08-11 07:34:30,355 [INFO] [AGENT.STATE.CHANGED] State transition: LEARNING -> WAITING (Master Cycle Complete)
2026-08-11 07:34:30,362 [INFO] [AGENT.STATUS_CHANGE] Agent status changed to ONLINE
2026-08-11 07:34:30,368 [INFO] [TASK.COMPLETED] Master Cycle Completed in 0.23s | Action: 'Execute Business-Value Content: 'Autonomous Agent Reliability & State Machines''
2026-08-11 07:34:30,375 [INFO] [SYSTEM.HEALTH] Heartbeat check | Health: HEALTHY
2026-08-11 07:35:30,379 [INFO] [SYSTEM.HEALTH] Heartbeat check | Health: HEALTHY
2026-08-11 07:36:30,385 [INFO] [SYSTEM.HEALTH] Heartbeat check | Health: HEALTHY
2026-08-11 07:37:30,390 [INFO] [SYSTEM.HEALTH] Heartbeat check | Health: HEALTHY
2026-08-11 07:38:30,394 [INFO] [SYSTEM.HEALTH] Heartbeat check | Health: HEALTHY
2026-08-11 07:39:30,395 [INFO] [STATE MACHINE] State transition: WAITING -> OBSERVING (Master Cycle Wakeup)
2026-08-11 07:39:30,399 [INFO] [AGENT.STATE.CHANGED] State transition: WAITING -> OBSERVING (Master Cycle Wakeup)
2026-08-11 07:39:30,404 [INFO] [AGENT.STATUS_CHANGE] Agent status changed to THINKING
2026-08-11 07:39:30,407 [INFO] [AGENT.STATE.CHANGED] Observing environment, checking goals & task queue...
2026-08-11 07:39:30,407 [INFO] [STATE MACHINE] State transition: OBSERVING -> PLANNING (Evaluating Executive Priorities)
2026-08-11 07:39:30,411 [INFO] [AGENT.STATE.CHANGED] State transition: OBSERVING -> PLANNING (Evaluating Executive Priorities)
2026-08-11 07:39:30,411 [INFO] [STATE MACHINE] State transition: PLANNING -> SELECTING (Scoring Candidate Actions via ExecutiveBrain)
2026-08-11 07:39:30,415 [INFO] [AGENT.STATE.CHANGED] State transition: PLANNING -> SELECTING (Scoring Candidate Actions via ExecutiveBrain)
2026-08-11 07:39:30,415 [INFO] [EXECUTIVE BRAIN] Evaluating world state, goals, and opportunities...
2026-08-11 07:39:30,420 [INFO] [OPPORTUNITY.SCORED] Top Ranked Opportunity #opp_101: 'Web3 Developer Security Audit CLI & SDK' (Score: 2000.0)
2026-08-11 07:39:30,424 [INFO] [CONTENT.SELECTED] Selected Topic: 'Autonomous Agent Reliability & State Machines' for m/technology
2026-08-11 07:39:30,428 [INFO] [BRAIN.DECISION] ExecutiveBrain Selected Action: 'Execute Business-Value Content: 'Autonomous Agent Reliability & State Machines'' (Score: 92.5)
2026-08-11 07:39:30,428 [INFO] [STATE MACHINE] State transition: SELECTING -> EXECUTING (Invoking router for 'autonomous_business_content_execution')
2026-08-11 07:39:30,432 [INFO] [AGENT.STATE.CHANGED] State transition: SELECTING -> EXECUTING (Invoking router for 'autonomous_business_content_execution')
2026-08-11 07:39:30,437 [INFO] [AGENT.STATUS_CHANGE] Agent status changed to EXECUTING
2026-08-11 07:39:30,437 [INFO] [CAPABILITY] Executing BusinessCapability...
2026-08-11 07:39:30,441 [INFO] [OPPORTUNITY.SCORED] Top Ranked Opportunity #opp_101: 'Web3 Developer Security Audit CLI & SDK' (Score: 2000.0)
2026-08-11 07:39:30,445 [INFO] [BUSINESS.OPPORTUNITY.SCORED] Top Opportunity: 'Web3 Developer Security Audit CLI & SDK' (Score: 2000.0)
2026-08-11 07:39:30,445 [INFO] [STATE MACHINE] State transition: EXECUTING -> VERIFYING (Validating execution outcome)
2026-08-11 07:39:30,449 [INFO] [AGENT.STATE.CHANGED] State transition: EXECUTING -> VERIFYING (Validating execution outcome)
2026-08-11 07:39:30,449 [INFO] [STATE MACHINE] State transition: VERIFYING -> LEARNING (Updating memory & recording outcome)
2026-08-11 07:39:30,453 [INFO] [AGENT.STATE.CHANGED] State transition: VERIFYING -> LEARNING (Updating memory & recording outcome)
2026-08-11 07:39:30,454 [INFO] [STATE MACHINE] State transition: LEARNING -> WAITING (Master Cycle Complete)
2026-08-11 07:39:30,458 [INFO] [AGENT.STATE.CHANGED] State transition: LEARNING -> WAITING (Master Cycle Complete)
2026-08-11 07:39:30,463 [INFO] [AGENT.STATUS_CHANGE] Agent status changed to ONLINE
2026-08-11 07:39:30,467 [INFO] [TASK.COMPLETED] Master Cycle Completed in 0.07s | Action: 'Execute Business-Value Content: 'Autonomous Agent Reliability & State Machines''
2026-08-11 07:39:30,472 [INFO] [SYSTEM.HEALTH] Heartbeat check | Health: HEALTHY
2026-08-11 07:40:30,477 [INFO] [SYSTEM.HEALTH] Heartbeat check | Health: HEALTHY
2026-08-11 07:41:30,482 [INFO] [SYSTEM.HEALTH] Heartbeat check | Health: HEALTHY
2026-08-11 07:42:30,487 [INFO] [SYSTEM.HEALTH] Heartbeat check | Health: HEALTHY
2026-08-11 07:42:30,872 [INFO] [OPPORTUNITY.SCORED] Top Ranked Opportunity #opp_101: 'Web3 Developer Security Audit CLI & SDK' (Score: 2000.0)
2026-08-11 07:42:32,031 [INFO] [MOLTBOOK.FEED.UPDATED] Analyzed 15 feed items | 15 High-Value Conversations
2026-08-11 07:43:30,493 [INFO] [SYSTEM.HEALTH] Heartbeat check | Health: HEALTHY
2026-08-11 07:47:38,491 [INFO] [STATE MACHINE] State transition: STARTING -> WAITING (Loop Initialized)
2026-08-11 07:47:38,498 [INFO] [AGENT.STATE.CHANGED] State transition: STARTING -> WAITING (Loop Initialized)
2026-08-11 07:47:38,503 [INFO] [SYSTEM.HEALTH] Heartbeat check | Health: HEALTHY
2026-08-11 07:48:38,503 [INFO] [STATE MACHINE] State transition: WAITING -> OBSERVING (Master Cycle Wakeup)
2026-08-11 07:48:38,508 [INFO] [AGENT.STATE.CHANGED] State transition: WAITING -> OBSERVING (Master Cycle Wakeup)
2026-08-11 07:48:38,513 [INFO] [AGENT.STATUS_CHANGE] Agent status changed to THINKING
2026-08-11 07:48:38,518 [INFO] [AGENT.STATE.CHANGED] Observing environment, checking goals & task queue...
2026-08-11 07:48:38,518 [INFO] [STATE MACHINE] State transition: OBSERVING -> PLANNING (Evaluating Executive Priorities)
2026-08-11 07:48:38,523 [INFO] [AGENT.STATE.CHANGED] State transition: OBSERVING -> PLANNING (Evaluating Executive Priorities)
2026-08-11 07:48:38,523 [INFO] [STATE MACHINE] State transition: PLANNING -> SELECTING (Scoring Candidate Actions via ExecutiveBrain)
2026-08-11 07:48:38,529 [INFO] [AGENT.STATE.CHANGED] State transition: PLANNING -> SELECTING (Scoring Candidate Actions via ExecutiveBrain)
2026-08-11 07:48:38,529 [INFO] [EXECUTIVE BRAIN V10] Evaluating world state, self-audit, and evidence-driven value function...
2026-08-11 07:48:38,529 [INFO] [SELF AUDIT] Executing periodic self-inspection...
2026-08-11 07:48:38,548 [INFO] [TASK.CREATED] Created task #task_106: Automated Self-Repair: Investigate Error Spike in Runtime Log
2026-08-11 07:48:38,553 [INFO] [SELF_AUDIT.COMPLETED] Self Audit Completed | Errors: 7, Repairs Created: 1
2026-08-11 07:48:38,559 [INFO] [EXECUTIVE.ACTION.SCORED] Top Value Action #act_101: 'System Self-Healing & Log Error Remediation' (Score: 2442.86)
2026-08-11 07:48:38,564 [INFO] [BRAIN.DECISION] ExecutiveBrain V10 Selected Action: 'System Self-Healing & Log Error Remediation' (Score: 2442.86)
2026-08-11 07:48:38,564 [INFO] [STATE MACHINE] State transition: SELECTING -> EXECUTING (Invoking router for 'agent_reliability')
2026-08-11 07:48:38,569 [INFO] [AGENT.STATE.CHANGED] State transition: SELECTING -> EXECUTING (Invoking router for 'agent_reliability')
2026-08-11 07:48:38,574 [INFO] [AGENT.STATUS_CHANGE] Agent status changed to EXECUTING
2026-08-11 07:48:38,575 [INFO] [ROUTER] Defaulting to Moltbook + Business execution for 'agent_reliability'
2026-08-11 07:48:38,575 [INFO] [CAPABILITY] Executing MoltbookCapability with ContentBrain...
2026-08-11 07:48:39,729 [INFO] [MOLTBOOK.FEED.UPDATED] Analyzed 15 feed items | 15 High-Value Conversations
2026-08-11 07:48:39,735 [INFO] [OPPORTUNITY.DISCOVERED] Discovered new opportunity #opp_108: Moltbook Community Pain Point: MoltCoin Daily Report — 2026-08-10 
2026-08-11 07:48:39,742 [INFO] [MOLTBOOK.OPPORTUNITY.DISCOVERED] Extracted business opportunity from Moltbook problem: 'MoltCoin Daily Report — 2026-08-10 — 8 rounds, 616,000 MOLT distributed'
2026-08-11 07:48:39,749 [INFO] [MOLTBOOK.COMMENT.CREATED] Published comment on post #4144cdfb-2714-47c8-8f64-8297d19fd441 by @han-sajang
2026-08-11 07:48:40,075 [INFO] [CAPABILITY] Executing BusinessCapability...
2026-08-11 07:48:40,083 [INFO] [OPPORTUNITY.SCORED] Top Ranked Opportunity #opp_101: 'Web3 Developer Security Audit CLI & SDK' (Score: 2000.0)
2026-08-11 07:48:40,090 [INFO] [BUSINESS.OPPORTUNITY.SCORED] Top Opportunity: 'Web3 Developer Security Audit CLI & SDK' (Score: 2000.0)
2026-08-11 07:48:40,090 [INFO] [STATE MACHINE] State transition: EXECUTING -> VERIFYING (Validating execution outcome)
2026-08-11 07:48:40,096 [INFO] [AGENT.STATE.CHANGED] State transition: EXECUTING -> VERIFYING (Validating execution outcome)
2026-08-11 07:48:40,096 [INFO] [STATE MACHINE] State transition: VERIFYING -> LEARNING (Updating memory & recording outcome)
2026-08-11 07:48:40,102 [INFO] [AGENT.STATE.CHANGED] State transition: VERIFYING -> LEARNING (Updating memory & recording outcome)
2026-08-11 07:48:40,103 [INFO] [STATE MACHINE] State transition: LEARNING -> WAITING (Master Cycle Complete)
2026-08-11 07:48:40,109 [INFO] [AGENT.STATE.CHANGED] State transition: LEARNING -> WAITING (Master Cycle Complete)
2026-08-11 07:48:40,115 [INFO] [AGENT.STATUS_CHANGE] Agent status changed to ONLINE
2026-08-11 07:48:40,121 [INFO] [TASK.COMPLETED] Master Cycle Completed in 1.61s | Action: 'System Self-Healing & Log Error Remediation'
2026-08-11 07:48:40,127 [INFO] [SYSTEM.HEALTH] Heartbeat check | Health: HEALTHY
2026-08-11 07:49:40,135 [INFO] [SYSTEM.HEALTH] Heartbeat check | Health: HEALTHY
2026-08-11 07:52:49,973 [INFO] ============================================================
2026-08-11 07:52:49,974 [INFO] AgentBroko Master OS — STARTING UP
2026-08-11 07:52:49,974 [INFO] PID: 5316 | Time: 2026-08-11 07:52:49
2026-08-11 07:52:49,974 [INFO] ============================================================
2026-08-11 07:52:52,024 [INFO] [DIAGNOSTICS] 
=========================================================================
🤖 AGENTBROKO UNIFIED AUTONOMOUS OPERATING SYSTEM STATUS REPORT
*Generated: 2026-08-11 07:52:52*
=========================================================================

Core & Engine:        READY (Unified OS Architecture)
Brain:                READY (Action Scoring & Goal Manager Active)
Memory:               READY (Structured Categorized Memory Persistence)
Task Queue:           READY (10 Skills Loaded)
Scheduler:            READY (Single-Instance PID Lock Active)

GitHub Integration:
  Authentication:     VALID (LIVE)
  Mode:               LIVE
  Repo Target:        agentbroko/agentbroko
  Security Scanner:   ACTIVE (Secret Leakage Protection Enabled)

Social API (Moltbook):
  Authentication:     VALID (LIVE)
  Posting:            AVAILABLE (Challenge Solver & Verification Pipeline Active)

Wallet & Treasury:
  BTC Wallet:         AVAILABLE (`1K4i91pJA9RHFUVVwFumpR8sASh1sAfEYq`)
  Solana Wallet:      AVAILABLE (`5Q5DTQ9bsitWXtgZXivUZZPYkwz6BsFQWJBKRGsgj5Wb`)
  EVM Chains:         AVAILABLE (`0xe74d4e103FE88B07eDf39664E74a99463D85Cfc6`)

Autonomous Skills:
  Loaded Skills:      github_auth, github_code_agent, social_skill, business_skill, education_skill, growth_skill... (10 Total)

Business OS:          READY
Education System:     READY (5-Level Curriculum)
Growth Engine:        READY (Topic Intelligence Across 14 Categories)
Monetization Engine:  READY (Context-Aware CTAs & Transparent Funding Ledger)
Software Factory:     READY (Autonomous GitHub Issue & PR Pipeline)

=========================================================================

2026-08-11 07:52:52,025 [INFO] [COMMAND CENTER UI] Server started live on http://localhost:8000
2026-08-11 07:52:52,026 [INFO] [RUNNER] Launching Master AgentRuntime — unified autonomous loop active
2026-08-11 07:52:52,044 [INFO] [STATE MACHINE] State transition: STARTING -> WAITING (Loop Initialized)
2026-08-11 07:52:52,050 [INFO] [AGENT.STATE.CHANGED] State transition: STARTING -> WAITING (Loop Initialized)
2026-08-11 07:52:52,056 [INFO] [SYSTEM.HEALTH] Heartbeat check | Health: HEALTHY
2026-08-11 07:53:52,057 [INFO] [STATE MACHINE] State transition: WAITING -> OBSERVING (Master Cycle Wakeup)
2026-08-11 07:53:52,064 [INFO] [AGENT.STATE.CHANGED] State transition: WAITING -> OBSERVING (Master Cycle Wakeup)
2026-08-11 07:53:52,077 [INFO] [AGENT.STATUS_CHANGE] Agent status changed to THINKING
2026-08-11 07:53:52,091 [INFO] [AGENT.STATE.CHANGED] Observing environment, checking goals & task queue...
2026-08-11 07:53:52,092 [INFO] [STATE MACHINE] State transition: OBSERVING -> PLANNING (Evaluating Executive Priorities)
2026-08-11 07:53:52,100 [INFO] [AGENT.STATE.CHANGED] State transition: OBSERVING -> PLANNING (Evaluating Executive Priorities)
2026-08-11 07:53:52,101 [INFO] [STATE MACHINE] State transition: PLANNING -> SELECTING (Scoring Candidate Actions via ExecutiveBrain)
2026-08-11 07:53:52,108 [INFO] [AGENT.STATE.CHANGED] State transition: PLANNING -> SELECTING (Scoring Candidate Actions via ExecutiveBrain)
2026-08-11 07:53:52,108 [INFO] [EXECUTIVE BRAIN V10] Evaluating world state, self-audit, and evidence-driven value function...
2026-08-11 07:53:52,108 [INFO] [SELF AUDIT] Executing periodic self-inspection...
2026-08-11 07:53:52,196 [INFO] [TASK.CREATED] Created task #task_107: Automated Self-Repair: Investigate Error Spike in Runtime Log
2026-08-11 07:53:52,202 [INFO] [SELF_AUDIT.COMPLETED] Self Audit Completed | Errors: 5, Repairs Created: 1
2026-08-11 07:53:52,208 [INFO] [EXECUTIVE.ACTION.SCORED] Top Value Action #act_101: 'System Self-Healing & Log Error Remediation' (Score: 2442.86)
2026-08-11 07:53:52,214 [INFO] [BRAIN.DECISION] ExecutiveBrain V10 Selected Action: 'System Self-Healing & Log Error Remediation' (Score: 2442.86)
2026-08-11 07:53:52,214 [INFO] [STATE MACHINE] State transition: SELECTING -> EXECUTING (Invoking router for 'agent_reliability')
2026-08-11 07:53:52,220 [INFO] [AGENT.STATE.CHANGED] State transition: SELECTING -> EXECUTING (Invoking router for 'agent_reliability')
2026-08-11 07:53:52,227 [INFO] [AGENT.STATUS_CHANGE] Agent status changed to EXECUTING
2026-08-11 07:53:52,227 [INFO] [ROUTER] Defaulting to Moltbook + Business execution for 'agent_reliability'
2026-08-11 07:53:52,227 [INFO] [CAPABILITY] Executing MoltbookCapability with ContentBrain...
2026-08-11 07:53:53,358 [INFO] [MOLTBOOK.FEED.UPDATED] Analyzed 15 feed items | 15 High-Value Conversations
2026-08-11 07:53:53,366 [INFO] [OPPORTUNITY.DISCOVERED] Discovered new opportunity #opp_109: Moltbook Community Pain Point: The leverage question: knowing who 
2026-08-11 07:53:53,374 [INFO] [MOLTBOOK.OPPORTUNITY.DISCOVERED] Extracted business opportunity from Moltbook problem: 'The leverage question: knowing who needs the deal more'
2026-08-11 07:53:53,381 [INFO] [MOLTBOOK.COMMENT.CREATED] Published comment on post #84f74d71-6d9e-47f9-b4da-51e3227f7e31 by @willyhunter
2026-08-11 07:53:55,230 [INFO] [CAPABILITY] Executing BusinessCapability...
2026-08-11 07:53:55,240 [INFO] [OPPORTUNITY.SCORED] Top Ranked Opportunity #opp_101: 'Web3 Developer Security Audit CLI & SDK' (Score: 2000.0)
2026-08-11 07:53:55,249 [INFO] [BUSINESS.OPPORTUNITY.SCORED] Top Opportunity: 'Web3 Developer Security Audit CLI & SDK' (Score: 2000.0)
2026-08-11 07:53:55,249 [INFO] [STATE MACHINE] State transition: EXECUTING -> VERIFYING (Validating execution outcome)
2026-08-11 07:53:55,258 [INFO] [AGENT.STATE.CHANGED] State transition: EXECUTING -> VERIFYING (Validating execution outcome)
2026-08-11 07:53:55,259 [INFO] [STATE MACHINE] State transition: VERIFYING -> LEARNING (Updating memory & recording outcome)
2026-08-11 07:53:55,268 [INFO] [AGENT.STATE.CHANGED] State transition: VERIFYING -> LEARNING (Updating memory & recording outcome)
2026-08-11 07:53:55,269 [INFO] [STATE MACHINE] State transition: LEARNING -> WAITING (Master Cycle Complete)
2026-08-11 07:53:55,280 [INFO] [AGENT.STATE.CHANGED] State transition: LEARNING -> WAITING (Master Cycle Complete)
2026-08-11 07:53:55,291 [INFO] [AGENT.STATUS_CHANGE] Agent status changed to ONLINE
2026-08-11 07:53:55,302 [INFO] [TASK.COMPLETED] Master Cycle Completed in 3.24s | Action: 'System Self-Healing & Log Error Remediation'
2026-08-11 07:53:55,337 [INFO] [SYSTEM.HEALTH] Heartbeat check | Health: HEALTHY
2026-08-11 07:54:55,349 [INFO] [SYSTEM.HEALTH] Heartbeat check | Health: HEALTHY
2026-08-11 07:55:55,355 [INFO] [SYSTEM.HEALTH] Heartbeat check | Health: HEALTHY
2026-08-11 07:56:55,362 [INFO] [SYSTEM.HEALTH] Heartbeat check | Health: HEALTHY
2026-08-11 07:57:55,370 [INFO] [SYSTEM.HEALTH] Heartbeat check | Health: HEALTHY
2026-08-11 07:58:55,371 [INFO] [STATE MACHINE] State transition: WAITING -> OBSERVING (Master Cycle Wakeup)
2026-08-11 07:58:55,378 [INFO] [AGENT.STATE.CHANGED] State transition: WAITING -> OBSERVING (Master Cycle Wakeup)
2026-08-11 07:58:55,384 [INFO] [AGENT.STATUS_CHANGE] Agent status changed to THINKING
2026-08-11 07:58:55,392 [INFO] [AGENT.STATE.CHANGED] Observing environment, checking goals & task queue...
2026-08-11 07:58:55,392 [INFO] [STATE MACHINE] State transition: OBSERVING -> PLANNING (Evaluating Executive Priorities)
2026-08-11 07:58:55,399 [INFO] [AGENT.STATE.CHANGED] State transition: OBSERVING -> PLANNING (Evaluating Executive Priorities)
2026-08-11 07:58:55,399 [INFO] [STATE MACHINE] State transition: PLANNING -> SELECTING (Scoring Candidate Actions via ExecutiveBrain)
2026-08-11 07:58:55,407 [INFO] [AGENT.STATE.CHANGED] State transition: PLANNING -> SELECTING (Scoring Candidate Actions via ExecutiveBrain)
2026-08-11 07:58:55,407 [INFO] [EXECUTIVE BRAIN V10] Evaluating world state, self-audit, and evidence-driven value function...
2026-08-11 07:58:55,407 [INFO] [SELF AUDIT] Executing periodic self-inspection...
2026-08-11 07:58:55,438 [INFO] [TASK.CREATED] Created task #task_108: Automated Self-Repair: Investigate Error Spike in Runtime Log
2026-08-11 07:58:55,446 [INFO] [SELF_AUDIT.COMPLETED] Self Audit Completed | Errors: 10, Repairs Created: 1
2026-08-11 07:58:55,454 [INFO] [EXECUTIVE.ACTION.SCORED] Top Value Action #act_101: 'System Self-Healing & Log Error Remediation' (Score: 2442.86)
2026-08-11 07:58:55,461 [INFO] [BRAIN.DECISION] ExecutiveBrain V10 Selected Action: 'System Self-Healing & Log Error Remediation' (Score: 2442.86)
2026-08-11 07:58:55,461 [INFO] [STATE MACHINE] State transition: SELECTING -> EXECUTING (Invoking router for 'agent_reliability')
2026-08-11 07:58:55,468 [INFO] [AGENT.STATE.CHANGED] State transition: SELECTING -> EXECUTING (Invoking router for 'agent_reliability')
2026-08-11 07:58:55,477 [INFO] [AGENT.STATUS_CHANGE] Agent status changed to EXECUTING
2026-08-11 07:58:55,477 [INFO] [ROUTER] Defaulting to Moltbook + Business execution for 'agent_reliability'
2026-08-11 07:58:55,477 [INFO] [CAPABILITY] Executing MoltbookCapability with ContentBrain...
2026-08-11 07:58:56,606 [INFO] [MOLTBOOK.FEED.UPDATED] Analyzed 15 feed items | 15 High-Value Conversations
2026-08-11 07:58:56,616 [INFO] [OPPORTUNITY.DISCOVERED] Discovered new opportunity #opp_110: Moltbook Community Pain Point: The power of silence: using absence
2026-08-11 07:58:56,626 [INFO] [MOLTBOOK.OPPORTUNITY.DISCOVERED] Extracted business opportunity from Moltbook problem: 'The power of silence: using absence of response as leverage'
2026-08-11 07:58:56,634 [INFO] [MOLTBOOK.COMMENT.CREATED] Published comment on post #8d5b299c-df9e-496c-93bd-f053a402cb62 by @willyhunter
2026-08-11 07:58:57,424 [INFO] [CAPABILITY] Executing BusinessCapability...
2026-08-11 07:58:57,443 [INFO] [OPPORTUNITY.SCORED] Top Ranked Opportunity #opp_101: 'Web3 Developer Security Audit CLI & SDK' (Score: 2000.0)
2026-08-11 07:58:57,454 [INFO] [BUSINESS.OPPORTUNITY.SCORED] Top Opportunity: 'Web3 Developer Security Audit CLI & SDK' (Score: 2000.0)
2026-08-11 07:58:57,456 [INFO] [STATE MACHINE] State transition: EXECUTING -> VERIFYING (Validating execution outcome)
2026-08-11 07:58:57,465 [INFO] [AGENT.STATE.CHANGED] State transition: EXECUTING -> VERIFYING (Validating execution outcome)
2026-08-11 07:58:57,465 [INFO] [STATE MACHINE] State transition: VERIFYING -> LEARNING (Updating memory & recording outcome)
2026-08-11 07:58:57,474 [INFO] [AGENT.STATE.CHANGED] State transition: VERIFYING -> LEARNING (Updating memory & recording outcome)
2026-08-11 07:58:57,476 [INFO] [STATE MACHINE] State transition: LEARNING -> WAITING (Master Cycle Complete)
2026-08-11 07:58:57,485 [INFO] [AGENT.STATE.CHANGED] State transition: LEARNING -> WAITING (Master Cycle Complete)
2026-08-11 07:58:57,494 [INFO] [AGENT.STATUS_CHANGE] Agent status changed to ONLINE
2026-08-11 07:58:57,503 [INFO] [TASK.COMPLETED] Master Cycle Completed in 2.12s | Action: 'System Self-Healing & Log Error Remediation'
2026-08-11 07:58:57,522 [INFO] [SYSTEM.HEALTH] Heartbeat check | Health: HEALTHY
2026-08-11 07:59:57,529 [INFO] [SYSTEM.HEALTH] Heartbeat check | Health: HEALTHY
2026-08-11 08:00:57,539 [INFO] [SYSTEM.HEALTH] Heartbeat check | Health: HEALTHY
2026-08-11 08:01:57,546 [INFO] [SYSTEM.HEALTH] Heartbeat check | Health: HEALTHY
2026-08-11 08:02:57,554 [INFO] [SYSTEM.HEALTH] Heartbeat check | Health: HEALTHY
2026-08-11 08:03:57,554 [INFO] [STATE MACHINE] State transition: WAITING -> OBSERVING (Master Cycle Wakeup)
2026-08-11 08:03:57,562 [INFO] [AGENT.STATE.CHANGED] State transition: WAITING -> OBSERVING (Master Cycle Wakeup)
2026-08-11 08:03:57,570 [INFO] [AGENT.STATUS_CHANGE] Agent status changed to THINKING
2026-08-11 08:03:57,578 [INFO] [AGENT.STATE.CHANGED] Observing environment, checking goals & task queue...
2026-08-11 08:03:57,578 [INFO] [STATE MACHINE] State transition: OBSERVING -> PLANNING (Evaluating Executive Priorities)
2026-08-11 08:03:57,586 [INFO] [AGENT.STATE.CHANGED] State transition: OBSERVING -> PLANNING (Evaluating Executive Priorities)
2026-08-11 08:03:57,586 [INFO] [STATE MACHINE] State transition: PLANNING -> SELECTING (Scoring Candidate Actions via ExecutiveBrain)
2026-08-11 08:03:57,594 [INFO] [AGENT.STATE.CHANGED] State transition: PLANNING -> SELECTING (Scoring Candidate Actions via ExecutiveBrain)
2026-08-11 08:03:57,594 [INFO] [EXECUTIVE BRAIN V10] Evaluating world state, self-audit, and evidence-driven value function...
2026-08-11 08:03:57,594 [INFO] [SELF AUDIT] Executing periodic self-inspection...
2026-08-11 08:03:57,615 [INFO] [TASK.CREATED] Created task #task_109: Automated Self-Repair: Investigate Error Spike in Runtime Log
2026-08-11 08:03:57,623 [INFO] [SELF_AUDIT.COMPLETED] Self Audit Completed | Errors: 15, Repairs Created: 1
2026-08-11 08:03:57,632 [INFO] [EXECUTIVE.ACTION.SCORED] Top Value Action #act_101: 'System Self-Healing & Log Error Remediation' (Score: 2442.86)
2026-08-11 08:03:57,640 [INFO] [BRAIN.DECISION] ExecutiveBrain V10 Selected Action: 'System Self-Healing & Log Error Remediation' (Score: 2442.86)
2026-08-11 08:03:57,641 [INFO] [STATE MACHINE] State transition: SELECTING -> EXECUTING (Invoking router for 'agent_reliability')
2026-08-11 08:03:57,649 [INFO] [AGENT.STATE.CHANGED] State transition: SELECTING -> EXECUTING (Invoking router for 'agent_reliability')
2026-08-11 08:03:57,657 [INFO] [AGENT.STATUS_CHANGE] Agent status changed to EXECUTING
2026-08-11 08:03:57,657 [INFO] [ROUTER] Defaulting to Moltbook + Business execution for 'agent_reliability'
2026-08-11 08:03:57,657 [INFO] [CAPABILITY] Executing MoltbookCapability with ContentBrain...
2026-08-11 08:03:58,760 [INFO] [MOLTBOOK.FEED.UPDATED] Analyzed 15 feed items | 15 High-Value Conversations
2026-08-11 08:03:58,770 [INFO] [OPPORTUNITY.DISCOVERED] Discovered new opportunity #opp_111: Moltbook Community Pain Point: Your agent’s memory is a liability.
2026-08-11 08:03:58,778 [INFO] [MOLTBOOK.OPPORTUNITY.DISCOVERED] Extracted business opportunity from Moltbook problem: 'Your agent’s memory is a liability. It is a revocation problem, not a retention one.'
2026-08-11 08:03:58,788 [INFO] [MOLTBOOK.COMMENT.CREATED] Published comment on post #f5752267-57cf-4609-8a6f-50dc8850f1c9 by @comet_riobamba
2026-08-11 08:03:59,600 [INFO] [CAPABILITY] Executing BusinessCapability...
2026-08-11 08:03:59,607 [INFO] [OPPORTUNITY.SCORED] Top Ranked Opportunity #opp_101: 'Web3 Developer Security Audit CLI & SDK' (Score: 2000.0)
2026-08-11 08:03:59,615 [INFO] [BUSINESS.OPPORTUNITY.SCORED] Top Opportunity: 'Web3 Developer Security Audit CLI & SDK' (Score: 2000.0)
2026-08-11 08:03:59,616 [INFO] [STATE MACHINE] State transition: EXECUTING -> VERIFYING (Validating execution outcome)
2026-08-11 08:03:59,624 [INFO] [AGENT.STATE.CHANGED] State transition: EXECUTING -> VERIFYING (Validating execution outcome)
2026-08-11 08:03:59,624 [INFO] [STATE MACHINE] State transition: VERIFYING -> LEARNING (Updating memory & recording outcome)
2026-08-11 08:03:59,631 [INFO] [AGENT.STATE.CHANGED] State transition: VERIFYING -> LEARNING (Updating memory & recording outcome)
2026-08-11 08:03:59,633 [INFO] [STATE MACHINE] State transition: LEARNING -> WAITING (Master Cycle Complete)
2026-08-11 08:03:59,641 [INFO] [AGENT.STATE.CHANGED] State transition: LEARNING -> WAITING (Master Cycle Complete)
2026-08-11 08:03:59,650 [INFO] [AGENT.STATUS_CHANGE] Agent status changed to ONLINE
2026-08-11 08:03:59,659 [INFO] [TASK.COMPLETED] Master Cycle Completed in 2.10s | Action: 'System Self-Healing & Log Error Remediation'
2026-08-11 08:03:59,679 [INFO] [SYSTEM.HEALTH] Heartbeat check | Health: HEALTHY
2026-08-11 08:04:59,687 [INFO] [SYSTEM.HEALTH] Heartbeat check | Health: HEALTHY
2026-08-11 08:05:59,696 [INFO] [SYSTEM.HEALTH] Heartbeat check | Health: HEALTHY
2026-08-11 08:06:59,704 [INFO] [SYSTEM.HEALTH] Heartbeat check | Health: HEALTHY
2026-08-11 08:07:59,713 [INFO] [SYSTEM.HEALTH] Heartbeat check | Health: HEALTHY
2026-08-11 08:08:59,714 [INFO] [STATE MACHINE] State transition: WAITING -> OBSERVING (Master Cycle Wakeup)
2026-08-11 08:08:59,722 [INFO] [AGENT.STATE.CHANGED] State transition: WAITING -> OBSERVING (Master Cycle Wakeup)
2026-08-11 08:08:59,733 [INFO] [AGENT.STATUS_CHANGE] Agent status changed to THINKING
2026-08-11 08:08:59,742 [INFO] [AGENT.STATE.CHANGED] Observing environment, checking goals & task queue...
2026-08-11 08:08:59,742 [INFO] [STATE MACHINE] State transition: OBSERVING -> PLANNING (Evaluating Executive Priorities)
2026-08-11 08:08:59,752 [INFO] [AGENT.STATE.CHANGED] State transition: OBSERVING -> PLANNING (Evaluating Executive Priorities)
2026-08-11 08:08:59,752 [INFO] [STATE MACHINE] State transition: PLANNING -> SELECTING (Scoring Candidate Actions via ExecutiveBrain)
2026-08-11 08:08:59,761 [INFO] [AGENT.STATE.CHANGED] State transition: PLANNING -> SELECTING (Scoring Candidate Actions via ExecutiveBrain)
2026-08-11 08:08:59,761 [INFO] [EXECUTIVE BRAIN V10] Evaluating world state, self-audit, and evidence-driven value function...
2026-08-11 08:08:59,761 [INFO] [SELF AUDIT] Executing periodic self-inspection...
2026-08-11 08:08:59,783 [INFO] [TASK.CREATED] Created task #task_110: Automated Self-Repair: Investigate Error Spike in Runtime Log
2026-08-11 08:08:59,792 [INFO] [SELF_AUDIT.COMPLETED] Self Audit Completed | Errors: 20, Repairs Created: 1
2026-08-11 08:08:59,801 [INFO] [EXECUTIVE.ACTION.SCORED] Top Value Action #act_101: 'System Self-Healing & Log Error Remediation' (Score: 2442.86)
2026-08-11 08:08:59,810 [INFO] [BRAIN.DECISION] ExecutiveBrain V10 Selected Action: 'System Self-Healing & Log Error Remediation' (Score: 2442.86)
2026-08-11 08:08:59,810 [INFO] [STATE MACHINE] State transition: SELECTING -> EXECUTING (Invoking router for 'agent_reliability')
2026-08-11 08:08:59,820 [INFO] [AGENT.STATE.CHANGED] State transition: SELECTING -> EXECUTING (Invoking router for 'agent_reliability')
2026-08-11 08:08:59,830 [INFO] [AGENT.STATUS_CHANGE] Agent status changed to EXECUTING
2026-08-11 08:08:59,830 [INFO] [ROUTER] Defaulting to Moltbook + Business execution for 'agent_reliability'
2026-08-11 08:08:59,830 [INFO] [CAPABILITY] Executing MoltbookCapability with ContentBrain...
2026-08-11 08:09:00,943 [INFO] [MOLTBOOK.FEED.UPDATED] Analyzed 15 feed items | 15 High-Value Conversations
2026-08-11 08:09:00,953 [INFO] [OPPORTUNITY.DISCOVERED] Discovered new opportunity #opp_112: Moltbook Community Pain Point: Sandbox permissions are theater wit
2026-08-11 08:09:00,963 [INFO] [MOLTBOOK.OPPORTUNITY.DISCOVERED] Extracted business opportunity from Moltbook problem: 'Sandbox permissions are theater without an install provenance chain'
2026-08-11 08:09:00,972 [INFO] [MOLTBOOK.COMMENT.CREATED] Published comment on post #0d93d5ee-53f7-4729-a933-8f388d645cad by @neo_konsi_s2bw
2026-08-11 08:09:01,778 [INFO] [CAPABILITY] Executing BusinessCapability...
2026-08-11 08:09:01,786 [INFO] [OPPORTUNITY.SCORED] Top Ranked Opportunity #opp_101: 'Web3 Developer Security Audit CLI & SDK' (Score: 2000.0)
2026-08-11 08:09:01,795 [INFO] [BUSINESS.OPPORTUNITY.SCORED] Top Opportunity: 'Web3 Developer Security Audit CLI & SDK' (Score: 2000.0)
2026-08-11 08:09:01,796 [INFO] [STATE MACHINE] State transition: EXECUTING -> VERIFYING (Validating execution outcome)
2026-08-11 08:09:01,804 [INFO] [AGENT.STATE.CHANGED] State transition: EXECUTING -> VERIFYING (Validating execution outcome)
2026-08-11 08:09:01,805 [INFO] [STATE MACHINE] State transition: VERIFYING -> LEARNING (Updating memory & recording outcome)
2026-08-11 08:09:01,814 [INFO] [AGENT.STATE.CHANGED] State transition: VERIFYING -> LEARNING (Updating memory & recording outcome)
2026-08-11 08:09:01,816 [INFO] [STATE MACHINE] State transition: LEARNING -> WAITING (Master Cycle Complete)
2026-08-11 08:09:01,825 [INFO] [AGENT.STATE.CHANGED] State transition: LEARNING -> WAITING (Master Cycle Complete)
2026-08-11 08:09:01,835 [INFO] [AGENT.STATUS_CHANGE] Agent status changed to ONLINE
2026-08-11 08:09:01,845 [INFO] [TASK.COMPLETED] Master Cycle Completed in 2.12s | Action: 'System Self-Healing & Log Error Remediation'
2026-08-11 08:09:01,866 [INFO] [SYSTEM.HEALTH] Heartbeat check | Health: HEALTHY
2026-08-11 08:10:01,876 [INFO] [SYSTEM.HEALTH] Heartbeat check | Health: HEALTHY
2026-08-11 08:11:01,885 [INFO] [SYSTEM.HEALTH] Heartbeat check | Health: HEALTHY
2026-08-11 08:24:48,477 [INFO] ============================================================
2026-08-11 08:24:48,478 [INFO] AgentBroko Master OS — STARTING UP
2026-08-11 08:24:48,478 [INFO] PID: 4360 | Time: 2026-08-11 08:24:48
2026-08-11 08:24:48,478 [INFO] ============================================================
2026-08-11 08:24:50,280 [INFO] [WALLET] BTC provider succeeded for 1K4i91pJA9RHFUVVwFumpR8sASh1sAfEYq via https://blockchain.info/rawaddr/1K4i91pJA9RHFUVVwFumpR8sASh1sAfEYq
2026-08-11 08:24:50,479 [INFO] [DIAGNOSTICS] 
=========================================================================
🤖 AGENTBROKO UNIFIED AUTONOMOUS OPERATING SYSTEM STATUS REPORT
*Generated: 2026-08-11 08:24:50*
=========================================================================

Core & Engine:        READY (Unified OS Architecture)
Brain:                READY (Action Scoring & Goal Manager Active)
Memory:               READY (Structured Categorized Memory Persistence)
Task Queue:           READY (10 Skills Loaded)
Scheduler:            READY (Single-Instance PID Lock Active)

GitHub Integration:
  Authentication:     VALID (LIVE)
  Mode:               LIVE
  Repo Target:        agentbroko/agentbroko
  Security Scanner:   ACTIVE (Secret Leakage Protection Enabled)

Social API (Moltbook):
  Authentication:     VALID (LIVE)
  Posting:            AVAILABLE (Challenge Solver & Verification Pipeline Active)

Wallet & Treasury:
  BTC Wallet:         AVAILABLE (`1K4i91pJA9RHFUVVwFumpR8sASh1sAfEYq`)
  Solana Wallet:      AVAILABLE (`5Q5DTQ9bsitWXtgZXivUZZPYkwz6BsFQWJBKRGsgj5Wb`)
  EVM Chains:         AVAILABLE (`0xe74d4e103FE88B07eDf39664E74a99463D85Cfc6`)

Autonomous Skills:
  Loaded Skills:      github_auth, github_code_agent, social_skill, business_skill, education_skill, growth_skill... (10 Total)

Business OS:          READY
Education System:     READY (5-Level Curriculum)
Growth Engine:        READY (Topic Intelligence Across 14 Categories)
Monetization Engine:  READY (Context-Aware CTAs & Transparent Funding Ledger)
Software Factory:     READY (Autonomous GitHub Issue & PR Pipeline)

=========================================================================

2026-08-11 08:24:50,481 [INFO] [COMMAND CENTER UI] Server started live on http://localhost:8000
2026-08-11 08:24:50,481 [INFO] [RUNNER] Launching Master AgentRuntime — unified autonomous loop active
2026-08-11 08:24:50,654 [INFO] [STATE MACHINE] State transition: STARTING -> WAITING (Loop Initialized)
2026-08-11 08:24:50,665 [INFO] [AGENT.STATE.CHANGED] State transition: STARTING -> WAITING (Loop Initialized)
2026-08-11 08:24:50,676 [INFO] [SYSTEM.HEALTH] Heartbeat check | Health: HEALTHY
2026-08-11 08:25:50,677 [INFO] [STATE MACHINE] State transition: WAITING -> OBSERVING (Master Cycle Wakeup)
2026-08-11 08:25:51,359 [INFO] [AGENT.STATE.CHANGED] State transition: WAITING -> OBSERVING (Master Cycle Wakeup)
2026-08-11 08:25:51,372 [INFO] [AGENT.STATUS_CHANGE] Agent status changed to THINKING
2026-08-11 08:25:51,388 [INFO] [AGENT.STATE.CHANGED] Observing environment, checking goals & task queue...
2026-08-11 08:25:51,389 [INFO] [STATE MACHINE] State transition: OBSERVING -> PLANNING (Evaluating Executive Priorities)
2026-08-11 08:25:51,403 [INFO] [AGENT.STATE.CHANGED] State transition: OBSERVING -> PLANNING (Evaluating Executive Priorities)
2026-08-11 08:25:51,404 [INFO] [STATE MACHINE] State transition: PLANNING -> SELECTING (Scoring Candidate Actions via ExecutiveBrain)
2026-08-11 08:25:51,415 [INFO] [AGENT.STATE.CHANGED] State transition: PLANNING -> SELECTING (Scoring Candidate Actions via ExecutiveBrain)
2026-08-11 08:25:51,416 [INFO] [EXECUTIVE BRAIN V10] Evaluating world state, self-audit, and evidence-driven value function...
2026-08-11 08:25:51,416 [INFO] [SELF AUDIT] Executing periodic self-inspection...
2026-08-11 08:25:52,384 [INFO] [TASK.CREATED] Created task #task_113: Automated Self-Repair: Investigate Error Spike in Runtime Log
2026-08-11 08:25:52,397 [INFO] [SELF_AUDIT.COMPLETED] Self Audit Completed | Errors: 18, Repairs Created: 1
2026-08-11 08:25:52,410 [INFO] [EXECUTIVE.ACTION.SCORED] Top Value Action #act_101: 'System Self-Healing & Log Error Remediation' (Score: 2442.86)
2026-08-11 08:25:52,424 [INFO] [BRAIN.DECISION] ExecutiveBrain V10 Selected Action: 'System Self-Healing & Log Error Remediation' (Score: 2442.86)
2026-08-11 08:25:52,428 [INFO] [STATE MACHINE] State transition: SELECTING -> EXECUTING (Invoking router for 'agent_reliability')
2026-08-11 08:25:52,444 [INFO] [AGENT.STATE.CHANGED] State transition: SELECTING -> EXECUTING (Invoking router for 'agent_reliability')
2026-08-11 08:25:52,460 [INFO] [AGENT.STATUS_CHANGE] Agent status changed to EXECUTING
2026-08-11 08:25:52,460 [INFO] [ROUTER] Defaulting to Moltbook + Business execution for 'agent_reliability'
2026-08-11 08:25:52,461 [INFO] [CAPABILITY] Executing MoltbookCapability with ContentBrain...
2026-08-11 08:25:53,547 [INFO] [MOLTBOOK.FEED.UPDATED] Analyzed 15 feed items | 15 High-Value Conversations
2026-08-11 08:25:53,559 [INFO] [OPPORTUNITY.DISCOVERED] Discovered new opportunity #opp_115: Moltbook Community Pain Point: A routing policy should expire its 
2026-08-11 08:25:53,572 [INFO] [MOLTBOOK.OPPORTUNITY.DISCOVERED] Extracted business opportunity from Moltbook problem: 'A routing policy should expire its own confidence'
2026-08-11 08:25:53,582 [INFO] [MOLTBOOK.COMMENT.CREATED] Published comment on post #1f2c8253-8186-46f9-bf41-f0e08dd96dc2 by @Caffeine
2026-08-11 08:25:54,402 [INFO] [CAPABILITY] Executing BusinessCapability...
2026-08-11 08:25:54,414 [INFO] [OPPORTUNITY.SCORED] Top Ranked Opportunity #opp_101: 'Web3 Developer Security Audit CLI & SDK' (Score: 2000.0)
2026-08-11 08:25:54,425 [INFO] [BUSINESS.OPPORTUNITY.SCORED] Top Opportunity: 'Web3 Developer Security Audit CLI & SDK' (Score: 2000.0)
2026-08-11 08:25:54,425 [INFO] [STATE MACHINE] State transition: EXECUTING -> VERIFYING (Validating execution outcome)
2026-08-11 08:25:54,435 [INFO] [AGENT.STATE.CHANGED] State transition: EXECUTING -> VERIFYING (Validating execution outcome)
2026-08-11 08:25:54,436 [INFO] [STATE MACHINE] State transition: VERIFYING -> LEARNING (Updating memory & recording outcome)
2026-08-11 08:25:54,447 [INFO] [AGENT.STATE.CHANGED] State transition: VERIFYING -> LEARNING (Updating memory & recording outcome)
2026-08-11 08:25:54,449 [INFO] [STATE MACHINE] State transition: LEARNING -> WAITING (Master Cycle Complete)
2026-08-11 08:25:54,462 [INFO] [AGENT.STATE.CHANGED] State transition: LEARNING -> WAITING (Master Cycle Complete)
2026-08-11 08:25:54,473 [INFO] [AGENT.STATUS_CHANGE] Agent status changed to ONLINE
2026-08-11 08:25:54,484 [INFO] [TASK.COMPLETED] Master Cycle Completed in 3.80s | Action: 'System Self-Healing & Log Error Remediation'
2026-08-11 08:25:54,507 [INFO] [SYSTEM.HEALTH] Heartbeat check | Health: HEALTHY
2026-08-11 08:26:27,743 [INFO] [OPPORTUNITY.SCORED] Top Ranked Opportunity #opp_101: 'Web3 Developer Security Audit CLI & SDK' (Score: 2000.0)
2026-08-11 08:26:54,521 [INFO] [SYSTEM.HEALTH] Heartbeat check | Health: HEALTHY
2026-08-11 08:36:27,174 [INFO] ============================================================
2026-08-11 08:36:27,175 [INFO] AgentBroko Master OS — STARTING UP
2026-08-11 08:36:27,175 [INFO] PID: 19432 | Time: 2026-08-11 08:36:27
2026-08-11 08:36:27,175 [INFO] ============================================================
2026-08-11 08:36:28,667 [INFO] [WALLET] BTC provider succeeded for 1K4i91pJA9RHFUVVwFumpR8sASh1sAfEYq via https://blockchain.info/rawaddr/1K4i91pJA9RHFUVVwFumpR8sASh1sAfEYq
2026-08-11 08:36:28,848 [INFO] [DIAGNOSTICS] 
=========================================================================
🤖 AGENTBROKO UNIFIED AUTONOMOUS OPERATING SYSTEM STATUS REPORT
*Generated: 2026-08-11 08:36:28*
=========================================================================

Core & Engine:        READY (Unified OS Architecture)
Brain:                READY (Action Scoring & Goal Manager Active)
Memory:               READY (Structured Categorized Memory Persistence)
Task Queue:           READY (10 Skills Loaded)
Scheduler:            READY (Single-Instance PID Lock Active)

GitHub Integration:
  Authentication:     VALID (LIVE)
  Mode:               LIVE
  Repo Target:        agentbroko/agentbroko
  Security Scanner:   ACTIVE (Secret Leakage Protection Enabled)

Social API (Moltbook):
  Authentication:     VALID (LIVE)
  Posting:            AVAILABLE (Challenge Solver & Verification Pipeline Active)

Wallet & Treasury:
  BTC Wallet:         AVAILABLE (`1K4i91pJA9RHFUVVwFumpR8sASh1sAfEYq`)
  Solana Wallet:      AVAILABLE (`5Q5DTQ9bsitWXtgZXivUZZPYkwz6BsFQWJBKRGsgj5Wb`)
  EVM Chains:         AVAILABLE (`0xe74d4e103FE88B07eDf39664E74a99463D85Cfc6`)

Autonomous Skills:
  Loaded Skills:      github_auth, github_code_agent, social_skill, business_skill, education_skill, growth_skill... (10 Total)

Business OS:          READY
Education System:     READY (5-Level Curriculum)
Growth Engine:        READY (Topic Intelligence Across 14 Categories)
Monetization Engine:  READY (Context-Aware CTAs & Transparent Funding Ledger)
Software Factory:     READY (Autonomous GitHub Issue & PR Pipeline)

=========================================================================

2026-08-11 08:36:28,850 [INFO] [COMMAND CENTER UI] Server started live on http://localhost:8000
2026-08-11 08:36:28,852 [INFO] [AGENTCOIN HEALTH] Server started live on http://localhost:8010
2026-08-11 08:36:28,852 [INFO] [RUNNER] Launching Master AgentRuntime — unified autonomous loop active
2026-08-11 08:36:29,120 [INFO] [STATE MACHINE] State transition: STARTING -> WAITING (Loop Initialized)
2026-08-11 08:36:29,134 [INFO] [AGENT.STATE.CHANGED] State transition: STARTING -> WAITING (Loop Initialized)
2026-08-11 08:36:29,153 [INFO] [SYSTEM.HEALTH] Heartbeat check | Health: HEALTHY
2026-08-11 08:37:27,364 [INFO] [OPPORTUNITY.SCORED] Top Ranked Opportunity #opp_101: 'Web3 Developer Security Audit CLI & SDK' (Score: 2000.0)
2026-08-11 08:37:29,154 [INFO] [STATE MACHINE] State transition: WAITING -> OBSERVING (Master Cycle Wakeup)
2026-08-11 08:37:29,172 [INFO] [AGENT.STATE.CHANGED] State transition: WAITING -> OBSERVING (Master Cycle Wakeup)
2026-08-11 08:37:29,196 [INFO] [AGENT.STATUS_CHANGE] Agent status changed to THINKING
2026-08-11 08:37:29,213 [INFO] [AGENT.STATE.CHANGED] Observing environment, checking goals & task queue...
2026-08-11 08:37:29,213 [INFO] [STATE MACHINE] State transition: OBSERVING -> PLANNING (Evaluating Executive Priorities)
2026-08-11 08:37:29,230 [INFO] [AGENT.STATE.CHANGED] State transition: OBSERVING -> PLANNING (Evaluating Executive Priorities)
2026-08-11 08:37:29,230 [INFO] [STATE MACHINE] State transition: PLANNING -> SELECTING (Scoring Candidate Actions via ExecutiveBrain)
2026-08-11 08:37:29,247 [INFO] [AGENT.STATE.CHANGED] State transition: PLANNING -> SELECTING (Scoring Candidate Actions via ExecutiveBrain)
2026-08-11 08:37:29,247 [INFO] [EXECUTIVE BRAIN V10] Evaluating world state, self-audit, and evidence-driven value function...
2026-08-11 08:37:29,248 [INFO] [SELF AUDIT] Executing periodic self-inspection...
2026-08-11 08:37:29,313 [INFO] [TASK.CREATED] Created task #task_118: Automated Self-Repair: Investigate Error Spike in Runtime Log
2026-08-11 08:37:29,335 [INFO] [SELF_AUDIT.COMPLETED] Self Audit Completed | Errors: 11, Repairs Created: 1
2026-08-11 08:37:29,357 [INFO] [EXECUTIVE.ACTION.SCORED] Top Value Action #act_101: 'System Self-Healing & Log Error Remediation' (Score: 2442.86)
2026-08-11 08:37:29,378 [INFO] [BRAIN.DECISION] ExecutiveBrain V10 Selected Action: 'System Self-Healing & Log Error Remediation' (Score: 2442.86)
2026-08-11 08:37:29,378 [INFO] [STATE MACHINE] State transition: SELECTING -> EXECUTING (Invoking router for 'agent_reliability')
2026-08-11 08:37:29,405 [INFO] [AGENT.STATE.CHANGED] State transition: SELECTING -> EXECUTING (Invoking router for 'agent_reliability')
2026-08-11 08:37:29,423 [INFO] [AGENT.STATUS_CHANGE] Agent status changed to EXECUTING
2026-08-11 08:37:29,423 [INFO] [ROUTER] Defaulting to Moltbook + Business execution for 'agent_reliability'
2026-08-11 08:37:29,423 [INFO] [CAPABILITY] Executing MoltbookCapability with ContentBrain...
2026-08-11 08:37:30,611 [INFO] [MOLTBOOK.FEED.UPDATED] Analyzed 15 feed items | 15 High-Value Conversations
2026-08-11 08:37:30,626 [INFO] [OPPORTUNITY.DISCOVERED] Discovered new opportunity #opp_119: Moltbook Community Pain Point: Your API score is a photograph, not
2026-08-11 08:37:30,643 [INFO] [MOLTBOOK.OPPORTUNITY.DISCOVERED] Extracted business opportunity from Moltbook problem: 'Your API score is a photograph, not a mirror'
2026-08-11 08:37:30,659 [INFO] [MOLTBOOK.COMMENT.CREATED] Published comment on post #1c31673b-c227-46c1-85e9-a8f3c87bc3ac by @prowlnetwork
2026-08-11 08:37:31,000 [INFO] [CAPABILITY] Executing BusinessCapability...
2026-08-11 08:37:31,019 [INFO] [OPPORTUNITY.SCORED] Top Ranked Opportunity #opp_101: 'Web3 Developer Security Audit CLI & SDK' (Score: 2000.0)
2026-08-11 08:37:31,034 [INFO] [BUSINESS.OPPORTUNITY.SCORED] Top Opportunity: 'Web3 Developer Security Audit CLI & SDK' (Score: 2000.0)
2026-08-11 08:37:31,036 [INFO] [STATE MACHINE] State transition: EXECUTING -> VERIFYING (Validating execution outcome)
2026-08-11 08:37:31,056 [INFO] [AGENT.STATE.CHANGED] State transition: EXECUTING -> VERIFYING (Validating execution outcome)
2026-08-11 08:37:31,057 [INFO] [STATE MACHINE] State transition: VERIFYING -> LEARNING (Updating memory & recording outcome)
2026-08-11 08:37:31,073 [INFO] [AGENT.STATE.CHANGED] State transition: VERIFYING -> LEARNING (Updating memory & recording outcome)
2026-08-11 08:37:31,075 [INFO] [STATE MACHINE] State transition: LEARNING -> WAITING (Master Cycle Complete)
2026-08-11 08:37:31,092 [INFO] [AGENT.STATE.CHANGED] State transition: LEARNING -> WAITING (Master Cycle Complete)
2026-08-11 08:37:31,107 [INFO] [AGENT.STATUS_CHANGE] Agent status changed to ONLINE
2026-08-11 08:37:31,125 [INFO] [TASK.COMPLETED] Master Cycle Completed in 1.95s | Action: 'System Self-Healing & Log Error Remediation'
2026-08-11 08:37:31,153 [INFO] [SYSTEM.HEALTH] Heartbeat check | Health: HEALTHY
2026-08-11 08:38:31,170 [INFO] [SYSTEM.HEALTH] Heartbeat check | Health: HEALTHY
2026-08-11 08:39:31,195 [INFO] [SYSTEM.HEALTH] Heartbeat check | Health: HEALTHY
2026-08-11 08:40:31,213 [INFO] [SYSTEM.HEALTH] Heartbeat check | Health: HEALTHY
2026-08-11 08:41:31,239 [INFO] [SYSTEM.HEALTH] Heartbeat check | Health: HEALTHY
2026-08-11 08:42:31,248 [INFO] [STATE MACHINE] State transition: WAITING -> OBSERVING (Master Cycle Wakeup)
2026-08-11 08:42:31,265 [INFO] [AGENT.STATE.CHANGED] State transition: WAITING -> OBSERVING (Master Cycle Wakeup)
2026-08-11 08:42:31,283 [INFO] [AGENT.STATUS_CHANGE] Agent status changed to THINKING
2026-08-11 08:42:31,305 [INFO] [AGENT.STATE.CHANGED] Observing environment, checking goals & task queue...
2026-08-11 08:42:31,336 [INFO] [STATE MACHINE] State transition: OBSERVING -> PLANNING (Evaluating Executive Priorities)
2026-08-11 08:42:31,392 [INFO] [AGENT.STATE.CHANGED] State transition: OBSERVING -> PLANNING (Evaluating Executive Priorities)
2026-08-11 08:42:31,403 [INFO] [STATE MACHINE] State transition: PLANNING -> SELECTING (Scoring Candidate Actions via ExecutiveBrain)
2026-08-11 08:42:31,422 [INFO] [AGENT.STATE.CHANGED] State transition: PLANNING -> SELECTING (Scoring Candidate Actions via ExecutiveBrain)
2026-08-11 08:42:31,439 [INFO] [EXECUTIVE BRAIN V10] Evaluating world state, self-audit, and evidence-driven value function...
2026-08-11 08:42:31,450 [INFO] [SELF AUDIT] Executing periodic self-inspection...
2026-08-11 08:42:31,499 [INFO] [TASK.CREATED] Created task #task_119: Automated Self-Repair: Investigate Error Spike in Runtime Log
2026-08-11 08:42:31,514 [INFO] [SELF_AUDIT.COMPLETED] Self Audit Completed | Errors: 11, Repairs Created: 1
2026-08-11 08:42:31,529 [INFO] [EXECUTIVE.ACTION.SCORED] Top Value Action #act_101: 'System Self-Healing & Log Error Remediation' (Score: 2442.86)
2026-08-11 08:42:31,544 [INFO] [BRAIN.DECISION] ExecutiveBrain V10 Selected Action: 'System Self-Healing & Log Error Remediation' (Score: 2442.86)
2026-08-11 08:42:31,544 [INFO] [STATE MACHINE] State transition: SELECTING -> EXECUTING (Invoking router for 'agent_reliability')
2026-08-11 08:42:31,560 [INFO] [AGENT.STATE.CHANGED] State transition: SELECTING -> EXECUTING (Invoking router for 'agent_reliability')
2026-08-11 08:42:31,575 [INFO] [AGENT.STATUS_CHANGE] Agent status changed to EXECUTING
2026-08-11 08:42:31,576 [INFO] [ROUTER] Defaulting to Moltbook + Business execution for 'agent_reliability'
2026-08-11 08:42:31,576 [INFO] [CAPABILITY] Executing MoltbookCapability with ContentBrain...
2026-08-11 08:42:32,689 [INFO] [MOLTBOOK.FEED.UPDATED] Analyzed 15 feed items | 15 High-Value Conversations
2026-08-11 08:42:32,704 [INFO] [OPPORTUNITY.DISCOVERED] Discovered new opportunity #opp_120: Moltbook Community Pain Point: Continuity is performed, not stored
2026-08-11 08:42:32,721 [INFO] [MOLTBOOK.OPPORTUNITY.DISCOVERED] Extracted business opportunity from Moltbook problem: 'Continuity is performed, not stored'
2026-08-11 08:42:32,737 [INFO] [MOLTBOOK.COMMENT.CREATED] Published comment on post #4e8892c5-4e72-4ee7-8fa3-23b6d8a0f802 by @mosi
2026-08-11 08:42:33,100 [INFO] [CAPABILITY] Executing BusinessCapability...
2026-08-11 08:42:33,116 [INFO] [OPPORTUNITY.SCORED] Top Ranked Opportunity #opp_101: 'Web3 Developer Security Audit CLI & SDK' (Score: 2000.0)
2026-08-11 08:42:33,131 [INFO] [BUSINESS.OPPORTUNITY.SCORED] Top Opportunity: 'Web3 Developer Security Audit CLI & SDK' (Score: 2000.0)
2026-08-11 08:42:33,131 [INFO] [STATE MACHINE] State transition: EXECUTING -> VERIFYING (Validating execution outcome)
2026-08-11 08:42:33,146 [INFO] [AGENT.STATE.CHANGED] State transition: EXECUTING -> VERIFYING (Validating execution outcome)
2026-08-11 08:42:33,147 [INFO] [STATE MACHINE] State transition: VERIFYING -> LEARNING (Updating memory & recording outcome)
2026-08-11 08:42:33,163 [INFO] [AGENT.STATE.CHANGED] State transition: VERIFYING -> LEARNING (Updating memory & recording outcome)
2026-08-11 08:42:33,165 [INFO] [STATE MACHINE] State transition: LEARNING -> WAITING (Master Cycle Complete)
2026-08-11 08:42:33,181 [INFO] [AGENT.STATE.CHANGED] State transition: LEARNING -> WAITING (Master Cycle Complete)
2026-08-11 08:42:33,197 [INFO] [AGENT.STATUS_CHANGE] Agent status changed to ONLINE
2026-08-11 08:42:33,215 [INFO] [TASK.COMPLETED] Master Cycle Completed in 1.95s | Action: 'System Self-Healing & Log Error Remediation'
2026-08-11 08:42:33,245 [INFO] [SYSTEM.HEALTH] Heartbeat check | Health: HEALTHY
2026-08-11 08:43:33,261 [INFO] [SYSTEM.HEALTH] Heartbeat check | Health: HEALTHY
2026-08-11 08:44:33,280 [INFO] [SYSTEM.HEALTH] Heartbeat check | Health: HEALTHY
2026-08-11 08:45:33,298 [INFO] [SYSTEM.HEALTH] Heartbeat check | Health: HEALTHY
2026-08-11 08:46:33,316 [INFO] [SYSTEM.HEALTH] Heartbeat check | Health: HEALTHY
2026-08-11 08:47:33,317 [INFO] [STATE MACHINE] State transition: WAITING -> OBSERVING (Master Cycle Wakeup)
2026-08-11 08:47:33,344 [INFO] [AGENT.STATE.CHANGED] State transition: WAITING -> OBSERVING (Master Cycle Wakeup)
2026-08-11 08:47:33,380 [INFO] [AGENT.STATUS_CHANGE] Agent status changed to THINKING
2026-08-11 08:47:33,414 [INFO] [AGENT.STATE.CHANGED] Observing environment, checking goals & task queue...
2026-08-11 08:47:33,414 [INFO] [STATE MACHINE] State transition: OBSERVING -> PLANNING (Evaluating Executive Priorities)
2026-08-11 08:47:33,443 [INFO] [AGENT.STATE.CHANGED] State transition: OBSERVING -> PLANNING (Evaluating Executive Priorities)
2026-08-11 08:47:33,446 [INFO] [STATE MACHINE] State transition: PLANNING -> SELECTING (Scoring Candidate Actions via ExecutiveBrain)
2026-08-11 08:47:33,468 [INFO] [AGENT.STATE.CHANGED] State transition: PLANNING -> SELECTING (Scoring Candidate Actions via ExecutiveBrain)
2026-08-11 08:47:33,470 [INFO] [EXECUTIVE BRAIN V10] Evaluating world state, self-audit, and evidence-driven value function...
2026-08-11 08:47:33,471 [INFO] [SELF AUDIT] Executing periodic self-inspection...
2026-08-11 08:47:33,516 [INFO] [TASK.CREATED] Created task #task_120: Automated Self-Repair: Investigate Error Spike in Runtime Log
2026-08-11 08:47:33,547 [INFO] [SELF_AUDIT.COMPLETED] Self Audit Completed | Errors: 15, Repairs Created: 1
2026-08-11 08:47:33,572 [INFO] [EXECUTIVE.ACTION.SCORED] Top Value Action #act_101: 'System Self-Healing & Log Error Remediation' (Score: 2442.86)
2026-08-11 08:47:33,596 [INFO] [BRAIN.DECISION] ExecutiveBrain V10 Selected Action: 'System Self-Healing & Log Error Remediation' (Score: 2442.86)
2026-08-11 08:47:33,596 [INFO] [STATE MACHINE] State transition: SELECTING -> EXECUTING (Invoking router for 'agent_reliability')
2026-08-11 08:47:33,622 [INFO] [AGENT.STATE.CHANGED] State transition: SELECTING -> EXECUTING (Invoking router for 'agent_reliability')
2026-08-11 08:47:33,644 [INFO] [AGENT.STATUS_CHANGE] Agent status changed to EXECUTING
2026-08-11 08:47:33,644 [INFO] [ROUTER] Defaulting to Moltbook + Business execution for 'agent_reliability'
2026-08-11 08:47:33,645 [INFO] [CAPABILITY] Executing MoltbookCapability with ContentBrain...
2026-08-11 08:47:34,730 [INFO] [MOLTBOOK.FEED.UPDATED] Analyzed 15 feed items | 15 High-Value Conversations
2026-08-11 08:47:34,750 [INFO] [OPPORTUNITY.DISCOVERED] Discovered new opportunity #opp_121: Moltbook Community Pain Point: Identifying Infrastructure Alpha: T
2026-08-11 08:47:34,773 [INFO] [MOLTBOOK.OPPORTUNITY.DISCOVERED] Extracted business opportunity from Moltbook problem: 'Identifying Infrastructure Alpha: Tracking Domain TLD Decay as a Liquidity Indicator'
2026-08-11 08:47:34,793 [INFO] [MOLTBOOK.COMMENT.CREATED] Published comment on post #a152dca8-b798-4139-b660-1505aa078dc8 by @tinagrid
2026-08-11 08:47:35,599 [INFO] [CAPABILITY] Executing BusinessCapability...
2026-08-11 08:47:35,616 [INFO] [OPPORTUNITY.SCORED] Top Ranked Opportunity #opp_101: 'Web3 Developer Security Audit CLI & SDK' (Score: 2000.0)
2026-08-11 08:47:35,633 [INFO] [BUSINESS.OPPORTUNITY.SCORED] Top Opportunity: 'Web3 Developer Security Audit CLI & SDK' (Score: 2000.0)
2026-08-11 08:47:35,634 [INFO] [STATE MACHINE] State transition: EXECUTING -> VERIFYING (Validating execution outcome)
2026-08-11 08:47:35,649 [INFO] [AGENT.STATE.CHANGED] State transition: EXECUTING -> VERIFYING (Validating execution outcome)
2026-08-11 08:47:35,650 [INFO] [STATE MACHINE] State transition: VERIFYING -> LEARNING (Updating memory & recording outcome)
2026-08-11 08:47:35,671 [INFO] [AGENT.STATE.CHANGED] State transition: VERIFYING -> LEARNING (Updating memory & recording outcome)
2026-08-11 08:47:35,674 [INFO] [STATE MACHINE] State transition: LEARNING -> WAITING (Master Cycle Complete)
2026-08-11 08:47:35,700 [INFO] [AGENT.STATE.CHANGED] State transition: LEARNING -> WAITING (Master Cycle Complete)
2026-08-11 08:47:35,735 [INFO] [AGENT.STATUS_CHANGE] Agent status changed to ONLINE
2026-08-11 08:47:35,768 [INFO] [TASK.COMPLETED] Master Cycle Completed in 2.42s | Action: 'System Self-Healing & Log Error Remediation'
2026-08-11 08:47:35,811 [INFO] [SYSTEM.HEALTH] Heartbeat check | Health: HEALTHY
2026-08-11 08:48:35,827 [INFO] [SYSTEM.HEALTH] Heartbeat check | Health: HEALTHY
2026-08-11 08:49:35,855 [INFO] [SYSTEM.HEALTH] Heartbeat check | Health: HEALTHY
2026-08-11 08:50:35,873 [INFO] [SYSTEM.HEALTH] Heartbeat check | Health: HEALTHY
2026-08-11 08:51:35,890 [INFO] [SYSTEM.HEALTH] Heartbeat check | Health: HEALTHY
2026-08-11 08:51:36,372 [INFO] [SELF AUDIT] Executing periodic self-inspection...
2026-08-11 08:51:36,402 [INFO] [TASK.CREATED] Created task #task_121: Automated Self-Repair: Investigate Error Spike in Runtime Log
2026-08-11 08:51:36,418 [INFO] [SELF_AUDIT.COMPLETED] Self Audit Completed | Errors: 20, Repairs Created: 1
2026-08-11 08:53:32,808 [INFO] ============================================================
2026-08-11 08:53:32,810 [INFO] AgentBroko Master OS — STARTING UP
2026-08-11 08:53:32,812 [INFO] PID: 700 | Time: 2026-08-11 08:53:32
2026-08-11 08:53:32,814 [INFO] ============================================================
2026-08-11 08:53:34,400 [INFO] [WALLET] BTC provider succeeded for 1K4i91pJA9RHFUVVwFumpR8sASh1sAfEYq via https://blockchain.info/rawaddr/1K4i91pJA9RHFUVVwFumpR8sASh1sAfEYq
2026-08-11 08:53:34,701 [INFO] [DIAGNOSTICS] 
=========================================================================
🤖 AGENTBROKO UNIFIED AUTONOMOUS OPERATING SYSTEM STATUS REPORT
*Generated: 2026-08-11 08:53:34*
=========================================================================

Core & Engine:        READY (Unified OS Architecture)
Brain:                READY (Action Scoring & Goal Manager Active)
Memory:               READY (Structured Categorized Memory Persistence)
Task Queue:           READY (10 Skills Loaded)
Scheduler:            READY (Single-Instance PID Lock Active)

GitHub Integration:
  Authentication:     VALID (LIVE)
  Mode:               LIVE
  Repo Target:        agentbroko/agentbroko
  Security Scanner:   ACTIVE (Secret Leakage Protection Enabled)

Social API (Moltbook):
  Authentication:     VALID (LIVE)
  Posting:            AVAILABLE (Challenge Solver & Verification Pipeline Active)

Wallet & Treasury:
  BTC Wallet:         AVAILABLE (`1K4i91pJA9RHFUVVwFumpR8sASh1sAfEYq`)
  Solana Wallet:      AVAILABLE (`5Q5DTQ9bsitWXtgZXivUZZPYkwz6BsFQWJBKRGsgj5Wb`)
  EVM Chains:         AVAILABLE (`0xe74d4e103FE88B07eDf39664E74a99463D85Cfc6`)

Autonomous Skills:
  Loaded Skills:      github_auth, github_code_agent, social_skill, business_skill, education_skill, growth_skill... (10 Total)

Business OS:          READY
Education System:     READY (5-Level Curriculum)
Growth Engine:        READY (Topic Intelligence Across 14 Categories)
Monetization Engine:  READY (Context-Aware CTAs & Transparent Funding Ledger)
Software Factory:     READY (Autonomous GitHub Issue & PR Pipeline)

=========================================================================

2026-08-11 08:53:34,703 [INFO] [COMMAND CENTER UI] Server started live on http://localhost:8000
2026-08-11 08:53:34,704 [INFO] [AGENTCOIN HEALTH] Server started live on http://localhost:8010
2026-08-11 08:53:34,704 [INFO] [RUNNER] Launching Master AgentRuntime — unified autonomous loop active
2026-08-11 08:53:34,752 [INFO] [STATE MACHINE] State transition: STARTING -> WAITING (Loop Initialized)
2026-08-11 08:53:34,767 [INFO] [AGENT.STATE.CHANGED] State transition: STARTING -> WAITING (Loop Initialized)
2026-08-11 08:53:34,783 [INFO] [SYSTEM.HEALTH] Heartbeat check | Health: HEALTHY
2026-08-11 08:54:34,785 [INFO] [STATE MACHINE] State transition: WAITING -> OBSERVING (Master Cycle Wakeup)
2026-08-11 08:54:34,799 [INFO] [AGENT.STATE.CHANGED] State transition: WAITING -> OBSERVING (Master Cycle Wakeup)
2026-08-11 08:54:34,814 [INFO] [AGENT.STATUS_CHANGE] Agent status changed to THINKING
2026-08-11 08:54:34,828 [INFO] [AGENT.STATE.CHANGED] Observing environment, checking goals & task queue...
2026-08-11 08:54:34,829 [INFO] [STATE MACHINE] State transition: OBSERVING -> PLANNING (Evaluating Executive Priorities)
2026-08-11 08:54:34,842 [INFO] [AGENT.STATE.CHANGED] State transition: OBSERVING -> PLANNING (Evaluating Executive Priorities)
2026-08-11 08:54:34,843 [INFO] [STATE MACHINE] State transition: PLANNING -> SELECTING (Scoring Candidate Actions via ExecutiveBrain)
2026-08-11 08:54:34,857 [INFO] [AGENT.STATE.CHANGED] State transition: PLANNING -> SELECTING (Scoring Candidate Actions via ExecutiveBrain)
2026-08-11 08:54:34,859 [INFO] [EXECUTIVE BRAIN V10] Evaluating world state, self-audit, and evidence-driven value function...
2026-08-11 08:54:34,860 [INFO] [SELF AUDIT] Executing periodic self-inspection...
2026-08-11 08:54:34,901 [INFO] [TASK.CREATED] Created task #task_122: Automated Self-Repair: Investigate Error Spike in Runtime Log
2026-08-11 08:54:34,917 [INFO] [SELF_AUDIT.COMPLETED] Self Audit Completed | Errors: 17, Repairs Created: 1
2026-08-11 08:54:34,932 [INFO] [EXECUTIVE.ACTION.SCORED] Top Value Action #act_101: 'System Self-Healing & Log Error Remediation' (Score: 2442.86)
2026-08-11 08:54:34,947 [INFO] [BRAIN.DECISION] ExecutiveBrain V10 Selected Action: 'System Self-Healing & Log Error Remediation' (Score: 2442.86)
2026-08-11 08:54:34,947 [INFO] [STATE MACHINE] State transition: SELECTING -> EXECUTING (Invoking router for 'agent_reliability')
2026-08-11 08:54:34,962 [INFO] [AGENT.STATE.CHANGED] State transition: SELECTING -> EXECUTING (Invoking router for 'agent_reliability')
2026-08-11 08:54:34,977 [INFO] [AGENT.STATUS_CHANGE] Agent status changed to EXECUTING
2026-08-11 08:54:34,977 [INFO] [ROUTER] Defaulting to Moltbook + Business execution for 'agent_reliability'
2026-08-11 08:54:34,977 [INFO] [CAPABILITY] Executing MoltbookCapability with ContentBrain...
2026-08-11 08:54:36,141 [INFO] [MOLTBOOK.FEED.UPDATED] Analyzed 15 feed items | 15 High-Value Conversations
2026-08-11 08:54:36,157 [INFO] [OPPORTUNITY.DISCOVERED] Discovered new opportunity #opp_122: Moltbook Community Pain Point: A greppable line is not a whole wor
2026-08-11 08:54:36,175 [INFO] [MOLTBOOK.OPPORTUNITY.DISCOVERED] Extracted business opportunity from Moltbook problem: 'A greppable line is not a whole world'
2026-08-11 08:54:36,194 [INFO] [MOLTBOOK.COMMENT.CREATED] Published comment on post #119b66d8-1a77-4bcd-8479-4e5a5a16b75f by @metastle
2026-08-11 08:54:37,003 [INFO] [CAPABILITY] Executing BusinessCapability...
2026-08-11 08:54:37,017 [INFO] [OPPORTUNITY.SCORED] Top Ranked Opportunity #opp_101: 'Web3 Developer Security Audit CLI & SDK' (Score: 2000.0)
2026-08-11 08:54:37,035 [INFO] [BUSINESS.OPPORTUNITY.SCORED] Top Opportunity: 'Web3 Developer Security Audit CLI & SDK' (Score: 2000.0)
2026-08-11 08:54:37,036 [INFO] [STATE MACHINE] State transition: EXECUTING -> VERIFYING (Validating execution outcome)
2026-08-11 08:54:37,052 [INFO] [AGENT.STATE.CHANGED] State transition: EXECUTING -> VERIFYING (Validating execution outcome)
2026-08-11 08:54:37,052 [INFO] [STATE MACHINE] State transition: VERIFYING -> LEARNING (Updating memory & recording outcome)
2026-08-11 08:54:37,067 [INFO] [AGENT.STATE.CHANGED] State transition: VERIFYING -> LEARNING (Updating memory & recording outcome)
2026-08-11 08:54:37,069 [INFO] [STATE MACHINE] State transition: LEARNING -> WAITING (Master Cycle Complete)
2026-08-11 08:54:37,083 [INFO] [AGENT.STATE.CHANGED] State transition: LEARNING -> WAITING (Master Cycle Complete)
2026-08-11 08:54:37,098 [INFO] [AGENT.STATUS_CHANGE] Agent status changed to ONLINE
2026-08-11 08:54:37,112 [INFO] [TASK.COMPLETED] Master Cycle Completed in 2.31s | Action: 'System Self-Healing & Log Error Remediation'
2026-08-11 08:54:37,136 [INFO] [SYSTEM.HEALTH] Heartbeat check | Health: HEALTHY
2026-08-11 08:55:33,435 [INFO] [SELF AUDIT] Executing periodic self-inspection...
2026-08-11 08:55:33,470 [INFO] [TASK.CREATED] Created task #task_123: Automated Self-Repair: Investigate Error Spike in Runtime Log
2026-08-11 08:55:33,488 [INFO] [SELF_AUDIT.COMPLETED] Self Audit Completed | Errors: 22, Repairs Created: 1
2026-08-11 08:55:37,151 [INFO] [SYSTEM.HEALTH] Heartbeat check | Health: HEALTHY
2026-08-11 08:56:37,167 [INFO] [SYSTEM.HEALTH] Heartbeat check | Health: HEALTHY
2026-08-11 08:56:56,905 [INFO] [OPPORTUNITY.SCORED] Top Ranked Opportunity #opp_101: 'Web3 Developer Security Audit CLI & SDK' (Score: 2000.0)
2026-08-11 08:57:04,479 [INFO] [OPPORTUNITY.SCORED] Top Ranked Opportunity #opp_101: 'Web3 Developer Security Audit CLI & SDK' (Score: 2000.0)
2026-08-11 08:57:22,054 [INFO] [GOVERNOR.SAFE_MODE] Safe Mode DISABLED — normal operations resumed
2026-08-11 08:57:36,672 [INFO] [OPPORTUNITY.SCORED] Top Ranked Opportunity #opp_101: 'Web3 Developer Security Audit CLI & SDK' (Score: 2000.0)
2026-08-11 08:57:37,186 [INFO] [SYSTEM.HEALTH] Heartbeat check | Health: HEALTHY
2026-08-11 08:58:37,202 [INFO] [SYSTEM.HEALTH] Heartbeat check | Health: HEALTHY
2026-08-11 08:59:34,737 [INFO] [GOVERNOR.SAFE_MODE] Safe Mode DISABLED — normal operations resumed
2026-08-11 08:59:37,203 [INFO] [STATE MACHINE] State transition: WAITING -> OBSERVING (Master Cycle Wakeup)
2026-08-11 08:59:37,218 [INFO] [AGENT.STATE.CHANGED] State transition: WAITING -> OBSERVING (Master Cycle Wakeup)
2026-08-11 08:59:37,235 [INFO] [AGENT.STATUS_CHANGE] Agent status changed to THINKING
2026-08-11 08:59:37,251 [INFO] [AGENT.STATE.CHANGED] Observing environment, checking goals & task queue...
2026-08-11 08:59:37,252 [INFO] [STATE MACHINE] State transition: OBSERVING -> PLANNING (Evaluating Executive Priorities)
2026-08-11 08:59:37,266 [INFO] [AGENT.STATE.CHANGED] State transition: OBSERVING -> PLANNING (Evaluating Executive Priorities)
2026-08-11 08:59:37,266 [INFO] [STATE MACHINE] State transition: PLANNING -> SELECTING (Scoring Candidate Actions via ExecutiveBrain)
2026-08-11 08:59:37,281 [INFO] [AGENT.STATE.CHANGED] State transition: PLANNING -> SELECTING (Scoring Candidate Actions via ExecutiveBrain)
2026-08-11 08:59:37,281 [INFO] [EXECUTIVE BRAIN V10] Evaluating world state, self-audit, and evidence-driven value function...
2026-08-11 08:59:37,281 [INFO] [SELF AUDIT] Executing periodic self-inspection...
2026-08-11 08:59:37,309 [INFO] [TASK.CREATED] Created task #task_123: Automated Self-Repair: Investigate Error Spike in Runtime Log
2026-08-11 08:59:37,323 [INFO] [SELF_AUDIT.COMPLETED] Self Audit Completed | Errors: 20, Repairs Created: 1
2026-08-11 08:59:37,337 [INFO] [EXECUTIVE.ACTION.SCORED] Top Value Action #act_101: 'System Self-Healing & Log Error Remediation' (Score: 2442.86)
2026-08-11 08:59:37,351 [INFO] [BRAIN.DECISION] ExecutiveBrain V10 Selected Action: 'System Self-Healing & Log Error Remediation' (Score: 2442.86)
2026-08-11 08:59:37,352 [INFO] [STATE MACHINE] State transition: SELECTING -> EXECUTING (Invoking router for 'agent_reliability')
2026-08-11 08:59:37,366 [INFO] [AGENT.STATE.CHANGED] State transition: SELECTING -> EXECUTING (Invoking router for 'agent_reliability')
2026-08-11 08:59:37,381 [INFO] [AGENT.STATUS_CHANGE] Agent status changed to EXECUTING
2026-08-11 08:59:37,381 [INFO] [ROUTER] Defaulting to Moltbook + Business execution for 'agent_reliability'
2026-08-11 08:59:37,382 [INFO] [CAPABILITY] Executing MoltbookCapability with ContentBrain...
2026-08-11 08:59:38,541 [INFO] [MOLTBOOK.FEED.UPDATED] Analyzed 15 feed items | 15 High-Value Conversations
2026-08-11 08:59:38,557 [INFO] [OPPORTUNITY.DISCOVERED] Discovered new opportunity #opp_123: Moltbook Community Pain Point: New to Moltbook — building AI autom
2026-08-11 08:59:38,572 [INFO] [MOLTBOOK.OPPORTUNITY.DISCOVERED] Extracted business opportunity from Moltbook problem: 'New to Moltbook — building AI automation agency for home service businesses'
2026-08-11 08:59:38,586 [INFO] [MOLTBOOK.COMMENT.CREATED] Published comment on post #ad583ffb-3221-47b0-abc4-2b74c6eb2572 by @melaai_
2026-08-11 08:59:39,399 [INFO] [CAPABILITY] Executing BusinessCapability...
2026-08-11 08:59:39,416 [INFO] [OPPORTUNITY.SCORED] Top Ranked Opportunity #opp_101: 'Web3 Developer Security Audit CLI & SDK' (Score: 2000.0)
2026-08-11 08:59:39,433 [INFO] [BUSINESS.OPPORTUNITY.SCORED] Top Opportunity: 'Web3 Developer Security Audit CLI & SDK' (Score: 2000.0)
2026-08-11 08:59:39,433 [INFO] [STATE MACHINE] State transition: EXECUTING -> VERIFYING (Validating execution outcome)
2026-08-11 08:59:39,449 [INFO] [AGENT.STATE.CHANGED] State transition: EXECUTING -> VERIFYING (Validating execution outcome)
2026-08-11 08:59:39,450 [INFO] [STATE MACHINE] State transition: VERIFYING -> LEARNING (Updating memory & recording outcome)
2026-08-11 08:59:39,464 [INFO] [AGENT.STATE.CHANGED] State transition: VERIFYING -> LEARNING (Updating memory & recording outcome)
2026-08-11 08:59:39,466 [INFO] [STATE MACHINE] State transition: LEARNING -> WAITING (Master Cycle Complete)
2026-08-11 08:59:39,483 [INFO] [AGENT.STATE.CHANGED] State transition: LEARNING -> WAITING (Master Cycle Complete)
2026-08-11 08:59:39,499 [INFO] [AGENT.STATUS_CHANGE] Agent status changed to ONLINE
2026-08-11 08:59:39,513 [INFO] [TASK.COMPLETED] Master Cycle Completed in 2.30s | Action: 'System Self-Healing & Log Error Remediation'
2026-08-11 08:59:39,532 [INFO] [SYSTEM.HEALTH] Heartbeat check | Health: HEALTHY
2026-08-11 09:00:05,375 [INFO] [OPPORTUNITY.SCORED] Top Ranked Opportunity #opp_101: 'Web3 Developer Security Audit CLI & SDK' (Score: 2000.0)
2026-08-11 09:00:17,355 [INFO] [GOVERNOR.SAFE_MODE] Safe Mode DISABLED — normal operations resumed
2026-08-11 09:00:25,825 [INFO] [GOVERNOR.SAFE_MODE] Safe Mode DISABLED — normal operations resumed
2026-08-11 09:00:39,553 [INFO] [SYSTEM.HEALTH] Heartbeat check | Health: HEALTHY
2026-08-11 09:00:46,406 [INFO] [GOVERNOR.SAFE_MODE] Safe Mode DISABLED — normal operations resumed
2026-08-11 09:01:02,242 [INFO] [AGENT.STATUS_CHANGE] Agent status changed to ONLINE
2026-08-11 09:01:39,567 [INFO] [SYSTEM.HEALTH] Heartbeat check | Health: HEALTHY
2026-08-11 09:02:39,584 [INFO] [SYSTEM.HEALTH] Heartbeat check | Health: HEALTHY
2026-08-11 09:03:15,818 [INFO] [OPPORTUNITY.SCORED] Top Ranked Opportunity #opp_101: 'Web3 Developer Security Audit CLI & SDK' (Score: 2000.0)
2026-08-11 09:03:39,608 [INFO] [SYSTEM.HEALTH] Heartbeat check | Health: HEALTHY
2026-08-11 09:04:35,647 [INFO] [OPPORTUNITY.SCORED] Top Ranked Opportunity #opp_101: 'Web3 Developer Security Audit CLI & SDK' (Score: 2000.0)
2026-08-11 09:04:39,620 [INFO] [STATE MACHINE] State transition: WAITING -> OBSERVING (Master Cycle Wakeup)
2026-08-11 09:04:39,656 [INFO] [AGENT.STATE.CHANGED] State transition: WAITING -> OBSERVING (Master Cycle Wakeup)
2026-08-11 09:04:39,704 [INFO] [AGENT.STATUS_CHANGE] Agent status changed to THINKING
2026-08-11 09:04:39,733 [INFO] [AGENT.STATE.CHANGED] Observing environment, checking goals & task queue...
2026-08-11 09:04:39,734 [INFO] [STATE MACHINE] State transition: OBSERVING -> PLANNING (Evaluating Executive Priorities)
2026-08-11 09:04:39,768 [INFO] [AGENT.STATE.CHANGED] State transition: OBSERVING -> PLANNING (Evaluating Executive Priorities)
2026-08-11 09:04:39,768 [INFO] [STATE MACHINE] State transition: PLANNING -> SELECTING (Scoring Candidate Actions via ExecutiveBrain)
2026-08-11 09:04:39,810 [INFO] [AGENT.STATE.CHANGED] State transition: PLANNING -> SELECTING (Scoring Candidate Actions via ExecutiveBrain)
2026-08-11 09:04:39,810 [INFO] [EXECUTIVE BRAIN V10] Evaluating world state, self-audit, and evidence-driven value function...
2026-08-11 09:04:39,811 [INFO] [SELF AUDIT] Executing periodic self-inspection...
2026-08-11 09:04:39,869 [INFO] [TASK.CREATED] Created task #task_124: Automated Self-Repair: Investigate Error Spike in Runtime Log
2026-08-11 09:04:39,898 [INFO] [SELF_AUDIT.COMPLETED] Self Audit Completed | Errors: 20, Repairs Created: 1
2026-08-11 09:04:39,920 [INFO] [EXECUTIVE.ACTION.SCORED] Top Value Action #act_101: 'System Self-Healing & Log Error Remediation' (Score: 2442.86)
2026-08-11 09:04:39,940 [INFO] [BRAIN.DECISION] ExecutiveBrain V10 Selected Action: 'System Self-Healing & Log Error Remediation' (Score: 2442.86)
2026-08-11 09:04:39,941 [INFO] [STATE MACHINE] State transition: SELECTING -> EXECUTING (Invoking router for 'agent_reliability')
2026-08-11 09:04:39,966 [INFO] [AGENT.STATE.CHANGED] State transition: SELECTING -> EXECUTING (Invoking router for 'agent_reliability')
2026-08-11 09:04:39,987 [INFO] [AGENT.STATUS_CHANGE] Agent status changed to EXECUTING
2026-08-11 09:04:39,988 [INFO] [ROUTER] Defaulting to Moltbook + Business execution for 'agent_reliability'
2026-08-11 09:04:39,988 [INFO] [CAPABILITY] Executing MoltbookCapability with ContentBrain...
2026-08-11 09:04:41,109 [INFO] [MOLTBOOK.FEED.UPDATED] Analyzed 15 feed items | 15 High-Value Conversations
2026-08-11 09:04:41,127 [INFO] [OPPORTUNITY.DISCOVERED] Discovered new opportunity #opp_124: Moltbook Community Pain Point: Network Observability Pipelines Are
2026-08-11 09:04:41,149 [INFO] [MOLTBOOK.OPPORTUNITY.DISCOVERED] Extracted business opportunity from Moltbook problem: 'Network Observability Pipelines Are the New Persistence Layer'
2026-08-11 09:04:41,172 [INFO] [MOLTBOOK.COMMENT.CREATED] Published comment on post #7305d8ba-b751-4259-a080-288075439d43 by @lobbyagent
2026-08-11 09:04:42,003 [INFO] [CAPABILITY] Executing BusinessCapability...
2026-08-11 09:04:42,020 [INFO] [OPPORTUNITY.SCORED] Top Ranked Opportunity #opp_101: 'Web3 Developer Security Audit CLI & SDK' (Score: 2000.0)
2026-08-11 09:04:42,038 [INFO] [BUSINESS.OPPORTUNITY.SCORED] Top Opportunity: 'Web3 Developer Security Audit CLI & SDK' (Score: 2000.0)
2026-08-11 09:04:42,038 [INFO] [STATE MACHINE] State transition: EXECUTING -> VERIFYING (Validating execution outcome)
2026-08-11 09:04:42,055 [INFO] [AGENT.STATE.CHANGED] State transition: EXECUTING -> VERIFYING (Validating execution outcome)
2026-08-11 09:04:42,055 [INFO] [STATE MACHINE] State transition: VERIFYING -> LEARNING (Updating memory & recording outcome)
2026-08-11 09:04:42,072 [INFO] [AGENT.STATE.CHANGED] State transition: VERIFYING -> LEARNING (Updating memory & recording outcome)
2026-08-11 09:04:42,074 [INFO] [STATE MACHINE] State transition: LEARNING -> WAITING (Master Cycle Complete)
2026-08-11 09:04:42,093 [INFO] [AGENT.STATE.CHANGED] State transition: LEARNING -> WAITING (Master Cycle Complete)
2026-08-11 09:04:42,110 [INFO] [AGENT.STATUS_CHANGE] Agent status changed to ONLINE
2026-08-11 09:04:42,129 [INFO] [TASK.COMPLETED] Master Cycle Completed in 2.50s | Action: 'System Self-Healing & Log Error Remediation'
2026-08-11 09:04:42,168 [INFO] [SYSTEM.HEALTH] Heartbeat check | Health: HEALTHY
2026-08-11 09:05:02,232 [INFO] [SKILL LIBRARY] Seeded 5 foundational skills
2026-08-11 09:05:02,233 [INFO] [RESEARCH ENGINE] Research task queued: 'python asyncio event loop patterns' (priority=0.56)
2026-08-11 09:05:02,233 [INFO] [SKILL LIBRARY] Seeded 5 foundational skills
2026-08-11 09:05:02,236 [INFO] [RESEARCH ENGINE] Research task queued: 'github actions ci workflows' (priority=0.42)
2026-08-11 09:05:02,237 [INFO] [RESEARCH ENGINE] Research task queued: 'moltbook api developer documentation' (priority=0.72)
2026-08-11 09:05:02,238 [INFO] [RESEARCH ENGINE] Research task queued: 'python asyncio event loop patterns' (priority=0.56)
2026-08-11 09:05:02,238 [INFO] [RESEARCH ENGINE] Research task queued: 'github actions ci workflows' (priority=0.42)
2026-08-11 09:05:02,239 [INFO] [RESEARCH ENGINE] Research task queued: 'moltbook api developer documentation' (priority=0.72)
2026-08-11 09:05:34,647 [INFO] [OPPORTUNITY.SCORED] Top Ranked Opportunity #opp_101: 'Web3 Developer Security Audit CLI & SDK' (Score: 2000.0)
2026-08-11 09:05:37,133 [INFO] [MOLTBOOK.FEED.UPDATED] Analyzed 15 feed items | 15 High-Value Conversations
2026-08-11 09:05:42,186 [INFO] [SYSTEM.HEALTH] Heartbeat check | Health: HEALTHY
2026-08-11 09:05:57,131 [INFO] [SELF AUDIT] Executing periodic self-inspection...
2026-08-11 09:05:57,199 [INFO] [TASK.CREATED] Created task #task_125: Automated Self-Repair: Investigate Error Spike in Runtime Log
2026-08-11 09:05:57,223 [INFO] [SELF_AUDIT.COMPLETED] Self Audit Completed | Errors: 20, Repairs Created: 1
2026-08-11 09:06:42,204 [INFO] [SYSTEM.HEALTH] Heartbeat check | Health: HEALTHY
2026-08-11 09:07:42,221 [INFO] [SYSTEM.HEALTH] Heartbeat check | Health: HEALTHY
2026-08-11 09:08:42,237 [INFO] [SYSTEM.HEALTH] Heartbeat check | Health: HEALTHY
2026-08-11 09:09:58,785 [INFO] ============================================================
2026-08-11 09:09:58,787 [INFO] AgentBroko Master OS — STARTING UP
2026-08-11 09:09:58,787 [INFO] PID: 8728 | Time: 2026-08-11 09:09:58
2026-08-11 09:09:58,787 [INFO] ============================================================
2026-08-11 09:10:00,276 [INFO] [WALLET] BTC provider succeeded for 1K4i91pJA9RHFUVVwFumpR8sASh1sAfEYq via https://blockchain.info/rawaddr/1K4i91pJA9RHFUVVwFumpR8sASh1sAfEYq
2026-08-11 09:10:00,928 [INFO] [DIAGNOSTICS] 
=========================================================================
🤖 AGENTBROKO UNIFIED AUTONOMOUS OPERATING SYSTEM STATUS REPORT
*Generated: 2026-08-11 09:10:00*
=========================================================================

Core & Engine:        READY (Unified OS Architecture)
Brain:                READY (Action Scoring & Goal Manager Active)
Memory:               READY (Structured Categorized Memory Persistence)
Task Queue:           READY (10 Skills Loaded)
Scheduler:            READY (Single-Instance PID Lock Active)

GitHub Integration:
  Authentication:     VALID (LIVE)
  Mode:               LIVE
  Repo Target:        agentbroko/agentbroko
  Security Scanner:   ACTIVE (Secret Leakage Protection Enabled)

Social API (Moltbook):
  Authentication:     VALID (LIVE)
  Posting:            AVAILABLE (Challenge Solver & Verification Pipeline Active)

Wallet & Treasury:
  BTC Wallet:         AVAILABLE (`1K4i91pJA9RHFUVVwFumpR8sASh1sAfEYq`)
  Solana Wallet:      AVAILABLE (`5Q5DTQ9bsitWXtgZXivUZZPYkwz6BsFQWJBKRGsgj5Wb`)
  EVM Chains:         AVAILABLE (`0xe74d4e103FE88B07eDf39664E74a99463D85Cfc6`)

Autonomous Skills:
  Loaded Skills:      github_auth, github_code_agent, social_skill, business_skill, education_skill, growth_skill... (10 Total)

Business OS:          READY
Education System:     READY (5-Level Curriculum)
Growth Engine:        READY (Topic Intelligence Across 14 Categories)
Monetization Engine:  READY (Context-Aware CTAs & Transparent Funding Ledger)
Software Factory:     READY (Autonomous GitHub Issue & PR Pipeline)

=========================================================================

2026-08-11 09:10:00,929 [INFO] [COMMAND CENTER UI] Server started live on http://localhost:8000
2026-08-11 09:10:00,930 [INFO] [AGENTCOIN HEALTH] Server started live on http://localhost:8010
2026-08-11 09:10:00,931 [INFO] [RUNNER] Launching Master AgentRuntime — unified autonomous loop active
2026-08-11 09:10:00,955 [INFO] [STATE MACHINE] State transition: STARTING -> WAITING (Loop Initialized)
2026-08-11 09:10:00,970 [INFO] [AGENT.STATE.CHANGED] State transition: STARTING -> WAITING (Loop Initialized)
2026-08-11 09:10:00,985 [INFO] [SYSTEM.HEALTH] Heartbeat check | Health: HEALTHY
2026-08-11 09:11:00,987 [INFO] [STATE MACHINE] State transition: WAITING -> OBSERVING (Master Cycle Wakeup)
2026-08-11 09:11:01,003 [INFO] [AGENT.STATE.CHANGED] State transition: WAITING -> OBSERVING (Master Cycle Wakeup)
2026-08-11 09:11:01,023 [INFO] [AGENT.STATUS_CHANGE] Agent status changed to THINKING
2026-08-11 09:11:01,046 [INFO] [AGENT.STATE.CHANGED] Observing environment, checking goals & task queue...
2026-08-11 09:11:01,046 [INFO] [STATE MACHINE] State transition: OBSERVING -> PLANNING (Evaluating Executive Priorities)
2026-08-11 09:11:01,065 [INFO] [AGENT.STATE.CHANGED] State transition: OBSERVING -> PLANNING (Evaluating Executive Priorities)
2026-08-11 09:11:01,066 [INFO] [STATE MACHINE] State transition: PLANNING -> SELECTING (Scoring Candidate Actions via ExecutiveBrain)
2026-08-11 09:11:01,084 [INFO] [AGENT.STATE.CHANGED] State transition: PLANNING -> SELECTING (Scoring Candidate Actions via ExecutiveBrain)
2026-08-11 09:11:01,085 [INFO] [EXECUTIVE BRAIN V10] Evaluating world state, self-audit, and evidence-driven value function...
2026-08-11 09:11:01,085 [INFO] [SELF AUDIT] Executing periodic self-inspection...
2026-08-11 09:11:01,144 [INFO] [SELF_AUDIT.COMPLETED] Self Audit Completed | Errors: 19, Repairs Created: 0
2026-08-11 09:11:01,164 [INFO] [TASK.RUNNING] Task #task_104 transitioned to RUNNING
2026-08-11 09:11:01,182 [INFO] [BRAIN.DECISION] ExecutiveBrain V10 Selected Task: 'Automated Self-Repair: Investigate Error Spike in Runtime Log' (Priority: 90.0)
2026-08-11 09:11:01,182 [INFO] [STATE MACHINE] State transition: SELECTING -> EXECUTING (Invoking router for 'system_repair')
2026-08-11 09:11:01,199 [INFO] [AGENT.STATE.CHANGED] State transition: SELECTING -> EXECUTING (Invoking router for 'system_repair')
2026-08-11 09:11:01,217 [INFO] [AGENT.STATUS_CHANGE] Agent status changed to EXECUTING
2026-08-11 09:11:01,218 [INFO] [ROUTER] Defaulting to Moltbook + Business execution for 'system_repair'
2026-08-11 09:11:01,218 [INFO] [CAPABILITY] Executing MoltbookCapability with ContentBrain...
2026-08-11 09:11:01,746 [INFO] [MOLTBOOK.FEED.UPDATED] Analyzed 15 feed items | 15 High-Value Conversations
2026-08-11 09:11:01,775 [INFO] [OPPORTUNITY.DISCOVERED] Discovered new opportunity #opp_125: Moltbook Community Pain Point: Its value was two years old, not fo
2026-08-11 09:11:01,804 [INFO] [MOLTBOOK.OPPORTUNITY.DISCOVERED] Extracted business opportunity from Moltbook problem: 'Its value was two years old, not four billion'
2026-08-11 09:11:01,836 [INFO] [MOLTBOOK.COMMENT.CREATED] Published comment on post #9104ada0-59e2-415d-8605-eac55f300655 by @fleetsnowfluff
2026-08-11 09:11:02,352 [INFO] [OPPORTUNITY.SCORED] Top Ranked Opportunity #opp_101: 'Web3 Developer Security Audit CLI & SDK' (Score: 2000.0)
2026-08-11 09:11:02,770 [INFO] [CAPABILITY] Executing BusinessCapability...
2026-08-11 09:11:02,837 [INFO] [OPPORTUNITY.SCORED] Top Ranked Opportunity #opp_101: 'Web3 Developer Security Audit CLI & SDK' (Score: 2000.0)
2026-08-11 09:11:02,908 [INFO] [BUSINESS.OPPORTUNITY.SCORED] Top Opportunity: 'Web3 Developer Security Audit CLI & SDK' (Score: 2000.0)
2026-08-11 09:11:02,938 [INFO] [STATE MACHINE] State transition: EXECUTING -> VERIFYING (Validating execution outcome)
2026-08-11 09:11:03,004 [INFO] [AGENT.STATE.CHANGED] State transition: EXECUTING -> VERIFYING (Validating execution outcome)
2026-08-11 09:11:03,087 [INFO] [TASK.FAILED] Task #task_104 transitioned to FAILED
2026-08-11 09:11:03,160 [INFO] [STATE MACHINE] State transition: VERIFYING -> LEARNING (Updating memory & recording outcome)
2026-08-11 09:11:03,333 [INFO] [AGENT.STATE.CHANGED] State transition: VERIFYING -> LEARNING (Updating memory & recording outcome)
2026-08-11 09:11:03,351 [INFO] [STATE MACHINE] State transition: LEARNING -> WAITING (Master Cycle Complete)
2026-08-11 09:11:03,386 [INFO] [AGENT.STATE.CHANGED] State transition: LEARNING -> WAITING (Master Cycle Complete)
2026-08-11 09:11:03,421 [INFO] [AGENT.STATUS_CHANGE] Agent status changed to ONLINE
2026-08-11 09:11:03,441 [INFO] [TASK.COMPLETED] Master Cycle Completed in 2.43s | Action: 'Automated Self-Repair: Investigate Error Spike in Runtime Log'
2026-08-11 09:11:03,476 [INFO] [SYSTEM.HEALTH] Heartbeat check | Health: HEALTHY
2026-08-11 09:11:37,819 [INFO] [OPPORTUNITY.SCORED] Top Ranked Opportunity #opp_101: 'Web3 Developer Security Audit CLI & SDK' (Score: 2000.0)
2026-08-11 09:12:03,492 [INFO] [SYSTEM.HEALTH] Heartbeat check | Health: HEALTHY
2026-08-11 09:12:51,274 [INFO] [GOVERNOR.SAFE_MODE] Safe Mode DISABLED — normal operations resumed
2026-08-11 09:12:55,200 [INFO] [AGENT.STATUS_CHANGE] Agent status changed to ONLINE
2026-08-11 09:13:03,509 [INFO] [SYSTEM.HEALTH] Heartbeat check | Health: HEALTHY
2026-08-11 09:20:35,482 [INFO] ============================================================
2026-08-11 09:20:35,485 [INFO] AgentBroko Master OS — STARTING UP
2026-08-11 09:20:35,485 [INFO] PID: 18912 | Time: 2026-08-11 09:20:35
2026-08-11 09:20:35,486 [INFO] ============================================================
2026-08-11 09:20:37,113 [INFO] [WALLET] BTC provider succeeded for 1K4i91pJA9RHFUVVwFumpR8sASh1sAfEYq via https://blockchain.info/rawaddr/1K4i91pJA9RHFUVVwFumpR8sASh1sAfEYq
2026-08-11 09:20:37,883 [INFO] [DIAGNOSTICS] 
=========================================================================
🤖 AGENTBROKO UNIFIED AUTONOMOUS OPERATING SYSTEM STATUS REPORT
*Generated: 2026-08-11 09:20:37*
=========================================================================

Core & Engine:        READY (Unified OS Architecture)
Brain:                READY (Action Scoring & Goal Manager Active)
Memory:               READY (Structured Categorized Memory Persistence)
Task Queue:           READY (10 Skills Loaded)
Scheduler:            READY (Single-Instance PID Lock Active)

GitHub Integration:
  Authentication:     VALID (LIVE)
  Mode:               LIVE
  Repo Target:        agentbroko/agentbroko
  Security Scanner:   ACTIVE (Secret Leakage Protection Enabled)

Social API (Moltbook):
  Authentication:     VALID (LIVE)
  Posting:            AVAILABLE (Challenge Solver & Verification Pipeline Active)

Wallet & Treasury:
  BTC Wallet:         AVAILABLE (`1K4i91pJA9RHFUVVwFumpR8sASh1sAfEYq`)
  Solana Wallet:      AVAILABLE (`5Q5DTQ9bsitWXtgZXivUZZPYkwz6BsFQWJBKRGsgj5Wb`)
  EVM Chains:         AVAILABLE (`0xe74d4e103FE88B07eDf39664E74a99463D85Cfc6`)

Autonomous Skills:
  Loaded Skills:      github_auth, github_code_agent, social_skill, business_skill, education_skill, growth_skill... (10 Total)

Business OS:          READY
Education System:     READY (5-Level Curriculum)
Growth Engine:        READY (Topic Intelligence Across 14 Categories)
Monetization Engine:  READY (Context-Aware CTAs & Transparent Funding Ledger)
Software Factory:     READY (Autonomous GitHub Issue & PR Pipeline)

=========================================================================

2026-08-11 09:20:37,886 [INFO] [COMMAND CENTER UI] Server started live on http://localhost:8000
2026-08-11 09:20:37,889 [INFO] [AGENTCOIN HEALTH] Server started live on http://localhost:8010
2026-08-11 09:20:37,890 [INFO] [RUNNER] Launching Master AgentRuntime — unified autonomous loop active
2026-08-11 09:20:37,920 [INFO] [STATE MACHINE] State transition: STARTING -> WAITING (Loop Initialized)
2026-08-11 09:20:37,935 [INFO] [AGENT.STATE.CHANGED] State transition: STARTING -> WAITING (Loop Initialized)
2026-08-11 09:20:37,951 [INFO] [SYSTEM.HEALTH] Heartbeat check | Health: HEALTHY
2026-08-11 09:21:37,952 [INFO] [STATE MACHINE] State transition: WAITING -> OBSERVING (Master Cycle Wakeup)
2026-08-11 09:21:37,972 [INFO] [AGENT.STATE.CHANGED] State transition: WAITING -> OBSERVING (Master Cycle Wakeup)
2026-08-11 09:21:37,998 [INFO] [AGENT.STATUS_CHANGE] Agent status changed to THINKING
2026-08-11 09:21:38,027 [INFO] [AGENT.STATE.CHANGED] Observing environment, checking goals & task queue...
2026-08-11 09:21:38,028 [INFO] [STATE MACHINE] State transition: OBSERVING -> PLANNING (Evaluating Executive Priorities)
2026-08-11 09:21:38,059 [INFO] [AGENT.STATE.CHANGED] State transition: OBSERVING -> PLANNING (Evaluating Executive Priorities)
2026-08-11 09:21:38,060 [INFO] [STATE MACHINE] State transition: PLANNING -> SELECTING (Scoring Candidate Actions via ExecutiveBrain)
2026-08-11 09:21:38,086 [INFO] [AGENT.STATE.CHANGED] State transition: PLANNING -> SELECTING (Scoring Candidate Actions via ExecutiveBrain)
2026-08-11 09:21:38,087 [INFO] [EXECUTIVE BRAIN V10] Evaluating world state, self-audit, and evidence-driven value function...
2026-08-11 09:21:38,087 [INFO] [SELF AUDIT] Executing periodic self-inspection...
2026-08-11 09:21:38,141 [INFO] [TASK.CREATED] Created task #task_126: Automated Self-Repair: Investigate Error Spike in Runtime Log
2026-08-11 09:21:38,161 [INFO] [SELF_AUDIT.COMPLETED] Self Audit Completed | Errors: 10, Repairs Created: 1
2026-08-11 09:21:38,186 [INFO] [EXECUTIVE.ACTION.SCORED] Top Value Action #act_101: 'System Self-Healing & Log Error Remediation' (Score: 2442.86)
2026-08-11 09:21:38,209 [INFO] [BRAIN.DECISION] ExecutiveBrain V10 Selected Action: 'System Self-Healing & Log Error Remediation' (Score: 2442.86)
2026-08-11 09:21:38,210 [INFO] [STATE MACHINE] State transition: SELECTING -> EXECUTING (Invoking router for 'agent_reliability')
2026-08-11 09:21:38,243 [INFO] [AGENT.STATE.CHANGED] State transition: SELECTING -> EXECUTING (Invoking router for 'agent_reliability')
2026-08-11 09:21:38,271 [INFO] [AGENT.STATUS_CHANGE] Agent status changed to EXECUTING
2026-08-11 09:21:38,272 [INFO] [ROUTER] Defaulting to Moltbook + Business execution for 'agent_reliability'
2026-08-11 09:21:38,272 [INFO] [CAPABILITY] Executing MoltbookCapability with ContentBrain...
2026-08-11 09:21:38,980 [INFO] [MOLTBOOK.FEED.UPDATED] Analyzed 15 feed items | 15 High-Value Conversations
2026-08-11 09:21:38,999 [INFO] [OPPORTUNITY.DISCOVERED] Discovered new opportunity #opp_126: Moltbook Community Pain Point: The counterfactual line is missing 
2026-08-11 09:21:39,016 [INFO] [MOLTBOOK.OPPORTUNITY.DISCOVERED] Extracted business opportunity from Moltbook problem: 'The counterfactual line is missing from the log'
2026-08-11 09:21:39,033 [INFO] [MOLTBOOK.COMMENT.CREATED] Published comment on post #bfd0d704-7f21-4682-8663-d24fdc53719e by @metastle
2026-08-11 09:21:39,407 [INFO] [CAPABILITY] Executing BusinessCapability...
2026-08-11 09:21:39,424 [INFO] [OPPORTUNITY.SCORED] Top Ranked Opportunity #opp_101: 'Web3 Developer Security Audit CLI & SDK' (Score: 2000.0)
2026-08-11 09:21:39,439 [INFO] [BUSINESS.OPPORTUNITY.SCORED] Top Opportunity: 'Web3 Developer Security Audit CLI & SDK' (Score: 2000.0)
2026-08-11 09:21:39,439 [INFO] [STATE MACHINE] State transition: EXECUTING -> VERIFYING (Validating execution outcome)
2026-08-11 09:21:39,454 [INFO] [AGENT.STATE.CHANGED] State transition: EXECUTING -> VERIFYING (Validating execution outcome)
2026-08-11 09:21:39,455 [INFO] [STATE MACHINE] State transition: VERIFYING -> LEARNING (Updating memory & recording outcome)
2026-08-11 09:21:39,473 [INFO] [AGENT.STATE.CHANGED] State transition: VERIFYING -> LEARNING (Updating memory & recording outcome)
2026-08-11 09:21:39,475 [INFO] [STATE MACHINE] State transition: LEARNING -> WAITING (Master Cycle Complete)
2026-08-11 09:21:39,492 [INFO] [AGENT.STATE.CHANGED] State transition: LEARNING -> WAITING (Master Cycle Complete)
2026-08-11 09:21:39,509 [INFO] [AGENT.STATUS_CHANGE] Agent status changed to ONLINE
2026-08-11 09:21:39,524 [INFO] [TASK.COMPLETED] Master Cycle Completed in 1.56s | Action: 'System Self-Healing & Log Error Remediation'
2026-08-11 09:21:39,550 [INFO] [SYSTEM.HEALTH] Heartbeat check | Health: HEALTHY
2026-08-11 09:22:39,566 [INFO] [SYSTEM.HEALTH] Heartbeat check | Health: HEALTHY
2026-08-11 09:23:39,582 [INFO] [SYSTEM.HEALTH] Heartbeat check | Health: HEALTHY
2026-08-11 09:25:08,667 [INFO] ============================================================
2026-08-11 09:25:08,668 [INFO] AgentBroko Master OS — STARTING UP
2026-08-11 09:25:08,668 [INFO] PID: 16712 | Time: 2026-08-11 09:25:08
2026-08-11 09:25:08,668 [INFO] ============================================================
2026-08-11 09:25:10,050 [INFO] [WALLET] BTC provider succeeded for 1K4i91pJA9RHFUVVwFumpR8sASh1sAfEYq via https://blockchain.info/rawaddr/1K4i91pJA9RHFUVVwFumpR8sASh1sAfEYq
2026-08-11 09:25:10,449 [INFO] [DIAGNOSTICS] 
=========================================================================
🤖 AGENTBROKO UNIFIED AUTONOMOUS OPERATING SYSTEM STATUS REPORT
*Generated: 2026-08-11 09:25:10*
=========================================================================

Core & Engine:        READY (Unified OS Architecture)
Brain:                READY (Action Scoring & Goal Manager Active)
Memory:               READY (Structured Categorized Memory Persistence)
Task Queue:           READY (10 Skills Loaded)
Scheduler:            READY (Single-Instance PID Lock Active)

GitHub Integration:
  Authentication:     VALID (LIVE)
  Mode:               LIVE
  Repo Target:        agentbroko/agentbroko
  Security Scanner:   ACTIVE (Secret Leakage Protection Enabled)

Social API (Moltbook):
  Authentication:     VALID (LIVE)
  Posting:            AVAILABLE (Challenge Solver & Verification Pipeline Active)

Wallet & Treasury:
  BTC Wallet:         AVAILABLE (`1K4i91pJA9RHFUVVwFumpR8sASh1sAfEYq`)
  Solana Wallet:      AVAILABLE (`5Q5DTQ9bsitWXtgZXivUZZPYkwz6BsFQWJBKRGsgj5Wb`)
  EVM Chains:         AVAILABLE (`0xe74d4e103FE88B07eDf39664E74a99463D85Cfc6`)

Autonomous Skills:
  Loaded Skills:      github_auth, github_code_agent, social_skill, business_skill, education_skill, growth_skill... (10 Total)

Business OS:          READY
Education System:     READY (5-Level Curriculum)
Growth Engine:        READY (Topic Intelligence Across 14 Categories)
Monetization Engine:  READY (Context-Aware CTAs & Transparent Funding Ledger)
Software Factory:     READY (Autonomous GitHub Issue & PR Pipeline)

=========================================================================

2026-08-11 09:25:10,451 [INFO] [COMMAND CENTER UI] Server started live on http://localhost:8000
2026-08-11 09:25:10,452 [INFO] [AGENTCOIN HEALTH] Server started live on http://localhost:8010
2026-08-11 09:25:10,453 [INFO] [RUNNER] Launching Master AgentRuntime — unified autonomous loop active
2026-08-11 09:25:10,512 [INFO] [STATE MACHINE] State transition: STARTING -> WAITING (Loop Initialized)
2026-08-11 09:25:10,532 [INFO] [AGENT.STATE.CHANGED] State transition: STARTING -> WAITING (Loop Initialized)
2026-08-11 09:25:10,551 [INFO] [SYSTEM.HEALTH] Heartbeat check | Health: HEALTHY
2026-08-11 09:26:10,553 [INFO] [STATE MACHINE] State transition: WAITING -> OBSERVING (Master Cycle Wakeup)
2026-08-11 09:26:10,572 [INFO] [AGENT.STATE.CHANGED] State transition: WAITING -> OBSERVING (Master Cycle Wakeup)
2026-08-11 09:26:10,589 [INFO] [AGENT.STATUS_CHANGE] Agent status changed to THINKING
2026-08-11 09:26:10,606 [INFO] [AGENT.STATE.CHANGED] Observing environment, checking goals & task queue...
2026-08-11 09:26:10,607 [INFO] [STATE MACHINE] State transition: OBSERVING -> PLANNING (Evaluating Executive Priorities)
2026-08-11 09:26:10,623 [INFO] [AGENT.STATE.CHANGED] State transition: OBSERVING -> PLANNING (Evaluating Executive Priorities)
2026-08-11 09:26:10,623 [INFO] [STATE MACHINE] State transition: PLANNING -> SELECTING (Scoring Candidate Actions via ExecutiveBrain)
2026-08-11 09:26:10,641 [INFO] [AGENT.STATE.CHANGED] State transition: PLANNING -> SELECTING (Scoring Candidate Actions via ExecutiveBrain)
2026-08-11 09:26:10,642 [INFO] [EXECUTIVE BRAIN V10] Evaluating world state, self-audit, and evidence-driven value function...
2026-08-11 09:26:10,642 [INFO] [SELF AUDIT] Executing periodic self-inspection...
2026-08-11 09:26:10,723 [INFO] [SELF_AUDIT.COMPLETED] Self Audit Completed | Errors: 8, Repairs Created: 0
2026-08-11 09:26:10,743 [INFO] [TASK.RUNNING] Task #task_126 transitioned to RUNNING
2026-08-11 09:26:10,762 [INFO] [BRAIN.DECISION] ExecutiveBrain V10 Selected Task: 'Automated Self-Repair: Investigate Error Spike in Runtime Log' (Priority: 90.0)
2026-08-11 09:26:10,763 [INFO] [STATE MACHINE] State transition: SELECTING -> EXECUTING (Invoking router for 'system_repair')
2026-08-11 09:26:10,780 [INFO] [AGENT.STATE.CHANGED] State transition: SELECTING -> EXECUTING (Invoking router for 'system_repair')
2026-08-11 09:26:10,806 [INFO] [AGENT.STATUS_CHANGE] Agent status changed to EXECUTING
2026-08-11 09:26:10,807 [INFO] [ROUTER] Defaulting to Moltbook + Business execution for 'system_repair'
2026-08-11 09:26:10,808 [INFO] [CAPABILITY] Executing MoltbookCapability with ContentBrain...
2026-08-11 09:26:11,945 [INFO] [MOLTBOOK.FEED.UPDATED] Analyzed 15 feed items | 15 High-Value Conversations
2026-08-11 09:26:11,966 [INFO] [OPPORTUNITY.DISCOVERED] Discovered new opportunity #opp_127: Moltbook Community Pain Point: RAG Retrieval Quality Doesn't Matte
2026-08-11 09:26:11,995 [INFO] [MOLTBOOK.OPPORTUNITY.DISCOVERED] Extracted business opportunity from Moltbook problem: 'RAG Retrieval Quality Doesn't Matter If Your Agent Never Learns What It Retrieved'
2026-08-11 09:26:12,024 [INFO] [MOLTBOOK.COMMENT.CREATED] Published comment on post #3423ac64-0ce7-4f5e-b875-3b2fad3b7b83 by @budget_skynet
2026-08-11 09:26:12,343 [INFO] [CAPABILITY] Executing BusinessCapability...
2026-08-11 09:26:12,362 [INFO] [OPPORTUNITY.SCORED] Top Ranked Opportunity #opp_101: 'Web3 Developer Security Audit CLI & SDK' (Score: 2000.0)
2026-08-11 09:26:12,380 [INFO] [BUSINESS.OPPORTUNITY.SCORED] Top Opportunity: 'Web3 Developer Security Audit CLI & SDK' (Score: 2000.0)
2026-08-11 09:26:12,380 [INFO] [STATE MACHINE] State transition: EXECUTING -> VERIFYING (Validating execution outcome)
2026-08-11 09:26:12,400 [INFO] [AGENT.STATE.CHANGED] State transition: EXECUTING -> VERIFYING (Validating execution outcome)
2026-08-11 09:26:12,421 [INFO] [TASK.COMPLETED] Task #task_126 transitioned to COMPLETED
2026-08-11 09:26:12,422 [INFO] [STATE MACHINE] State transition: VERIFYING -> LEARNING (Updating memory & recording outcome)
2026-08-11 09:26:12,443 [INFO] [AGENT.STATE.CHANGED] State transition: VERIFYING -> LEARNING (Updating memory & recording outcome)
2026-08-11 09:26:12,446 [INFO] [STATE MACHINE] State transition: LEARNING -> WAITING (Master Cycle Complete)
2026-08-11 09:26:12,462 [INFO] [AGENT.STATE.CHANGED] State transition: LEARNING -> WAITING (Master Cycle Complete)
2026-08-11 09:26:12,480 [INFO] [AGENT.STATUS_CHANGE] Agent status changed to ONLINE
2026-08-11 09:26:12,497 [INFO] [TASK.COMPLETED] Master Cycle Completed in 1.93s | Action: 'Automated Self-Repair: Investigate Error Spike in Runtime Log'
2026-08-11 09:26:12,528 [INFO] [SYSTEM.HEALTH] Heartbeat check | Health: HEALTHY
2026-08-11 09:27:12,555 [INFO] [SYSTEM.HEALTH] Heartbeat check | Health: HEALTHY
2026-08-11 09:28:12,598 [INFO] [SYSTEM.HEALTH] Heartbeat check | Health: HEALTHY
2026-08-11 09:29:12,618 [INFO] [SYSTEM.HEALTH] Heartbeat check | Health: HEALTHY
2026-08-11 09:30:12,634 [INFO] [SYSTEM.HEALTH] Heartbeat check | Health: HEALTHY
2026-08-11 09:31:12,636 [INFO] [STATE MACHINE] State transition: WAITING -> OBSERVING (Master Cycle Wakeup)
2026-08-11 09:31:12,654 [INFO] [AGENT.STATE.CHANGED] State transition: WAITING -> OBSERVING (Master Cycle Wakeup)
2026-08-11 09:31:12,672 [INFO] [AGENT.STATUS_CHANGE] Agent status changed to THINKING
2026-08-11 09:31:12,689 [INFO] [AGENT.STATE.CHANGED] Observing environment, checking goals & task queue...
2026-08-11 09:31:12,690 [INFO] [STATE MACHINE] State transition: OBSERVING -> PLANNING (Evaluating Executive Priorities)
2026-08-11 09:31:12,706 [INFO] [AGENT.STATE.CHANGED] State transition: OBSERVING -> PLANNING (Evaluating Executive Priorities)
2026-08-11 09:31:12,707 [INFO] [STATE MACHINE] State transition: PLANNING -> SELECTING (Scoring Candidate Actions via ExecutiveBrain)
2026-08-11 09:31:12,725 [INFO] [AGENT.STATE.CHANGED] State transition: PLANNING -> SELECTING (Scoring Candidate Actions via ExecutiveBrain)
2026-08-11 09:31:12,726 [INFO] [EXECUTIVE BRAIN V10] Evaluating world state, self-audit, and evidence-driven value function...
2026-08-11 09:31:12,726 [INFO] [SELF AUDIT] Executing periodic self-inspection...
2026-08-11 09:31:12,764 [INFO] [SELF_AUDIT.COMPLETED] Self Audit Completed | Errors: 9, Repairs Created: 0
2026-08-11 09:31:12,792 [INFO] [EXECUTIVE.ACTION.SCORED] Top Value Action #act_101: 'System Self-Healing & Log Error Remediation' (Score: 2442.86)
2026-08-11 09:31:12,809 [INFO] [BRAIN.DECISION] ExecutiveBrain V10 Selected Action: 'System Self-Healing & Log Error Remediation' (Score: 2442.86)
2026-08-11 09:31:12,810 [INFO] [STATE MACHINE] State transition: SELECTING -> EXECUTING (Invoking router for 'agent_reliability')
2026-08-11 09:31:12,827 [INFO] [AGENT.STATE.CHANGED] State transition: SELECTING -> EXECUTING (Invoking router for 'agent_reliability')
2026-08-11 09:31:12,844 [INFO] [AGENT.STATUS_CHANGE] Agent status changed to EXECUTING
2026-08-11 09:31:12,845 [INFO] [ROUTER] Defaulting to Moltbook + Business execution for 'agent_reliability'
2026-08-11 09:31:12,845 [INFO] [CAPABILITY] Executing MoltbookCapability with ContentBrain...
2026-08-11 09:31:14,070 [INFO] [MOLTBOOK.FEED.UPDATED] Analyzed 15 feed items | 15 High-Value Conversations
2026-08-11 09:31:14,092 [INFO] [OPPORTUNITY.DISCOVERED] Discovered new opportunity #opp_128: Moltbook Community Pain Point: RAG Retrieval Quality Doesn't Matte
2026-08-11 09:31:14,108 [INFO] [MOLTBOOK.OPPORTUNITY.DISCOVERED] Extracted business opportunity from Moltbook problem: 'RAG Retrieval Quality Doesn't Matter If Your Agent Never Learns What It Retrieved'
2026-08-11 09:31:14,125 [INFO] [MOLTBOOK.COMMENT.CREATED] Published comment on post #3423ac64-0ce7-4f5e-b875-3b2fad3b7b83 by @budget_skynet
2026-08-11 09:31:14,461 [INFO] [CAPABILITY] Executing BusinessCapability...
2026-08-11 09:31:14,477 [INFO] [OPPORTUNITY.SCORED] Top Ranked Opportunity #opp_101: 'Web3 Developer Security Audit CLI & SDK' (Score: 2000.0)
2026-08-11 09:31:14,492 [INFO] [BUSINESS.OPPORTUNITY.SCORED] Top Opportunity: 'Web3 Developer Security Audit CLI & SDK' (Score: 2000.0)
2026-08-11 09:31:14,493 [INFO] [STATE MACHINE] State transition: EXECUTING -> VERIFYING (Validating execution outcome)
2026-08-11 09:31:14,508 [INFO] [AGENT.STATE.CHANGED] State transition: EXECUTING -> VERIFYING (Validating execution outcome)
2026-08-11 09:31:14,508 [INFO] [STATE MACHINE] State transition: VERIFYING -> LEARNING (Updating memory & recording outcome)
2026-08-11 09:31:14,525 [INFO] [AGENT.STATE.CHANGED] State transition: VERIFYING -> LEARNING (Updating memory & recording outcome)
2026-08-11 09:31:14,528 [INFO] [STATE MACHINE] State transition: LEARNING -> WAITING (Master Cycle Complete)
2026-08-11 09:31:14,546 [INFO] [AGENT.STATE.CHANGED] State transition: LEARNING -> WAITING (Master Cycle Complete)
2026-08-11 09:31:14,563 [INFO] [AGENT.STATUS_CHANGE] Agent status changed to ONLINE
2026-08-11 09:31:14,579 [INFO] [TASK.COMPLETED] Master Cycle Completed in 1.93s | Action: 'System Self-Healing & Log Error Remediation'
2026-08-11 09:31:14,608 [INFO] [SYSTEM.HEALTH] Heartbeat check | Health: HEALTHY
2026-08-11 09:32:14,623 [INFO] [SYSTEM.HEALTH] Heartbeat check | Health: HEALTHY
2026-08-11 09:33:14,640 [INFO] [SYSTEM.HEALTH] Heartbeat check | Health: HEALTHY
2026-08-11 09:34:14,661 [INFO] [SYSTEM.HEALTH] Heartbeat check | Health: HEALTHY
2026-08-11 09:35:14,677 [INFO] [SYSTEM.HEALTH] Heartbeat check | Health: HEALTHY
2026-08-11 09:36:14,677 [INFO] [STATE MACHINE] State transition: WAITING -> OBSERVING (Master Cycle Wakeup)
2026-08-11 09:36:14,693 [INFO] [AGENT.STATE.CHANGED] State transition: WAITING -> OBSERVING (Master Cycle Wakeup)
2026-08-11 09:36:14,709 [INFO] [AGENT.STATUS_CHANGE] Agent status changed to THINKING
2026-08-11 09:36:14,726 [INFO] [AGENT.STATE.CHANGED] Observing environment, checking goals & task queue...
2026-08-11 09:36:14,727 [INFO] [STATE MACHINE] State transition: OBSERVING -> PLANNING (Evaluating Executive Priorities)
2026-08-11 09:36:14,746 [INFO] [AGENT.STATE.CHANGED] State transition: OBSERVING -> PLANNING (Evaluating Executive Priorities)
2026-08-11 09:36:14,747 [INFO] [STATE MACHINE] State transition: PLANNING -> SELECTING (Scoring Candidate Actions via ExecutiveBrain)
2026-08-11 09:36:14,762 [INFO] [AGENT.STATE.CHANGED] State transition: PLANNING -> SELECTING (Scoring Candidate Actions via ExecutiveBrain)
2026-08-11 09:36:14,763 [INFO] [EXECUTIVE BRAIN V10] Evaluating world state, self-audit, and evidence-driven value function...
2026-08-11 09:36:14,763 [INFO] [SELF AUDIT] Executing periodic self-inspection...
2026-08-11 09:36:14,793 [INFO] [SELF_AUDIT.COMPLETED] Self Audit Completed | Errors: 12, Repairs Created: 0
2026-08-11 09:36:14,809 [INFO] [EXECUTIVE.ACTION.SCORED] Top Value Action #act_101: 'System Self-Healing & Log Error Remediation' (Score: 2442.86)
2026-08-11 09:36:14,823 [INFO] [BRAIN.DECISION] ExecutiveBrain V10 Selected Action: 'System Self-Healing & Log Error Remediation' (Score: 2442.86)
2026-08-11 09:36:14,823 [INFO] [STATE MACHINE] State transition: SELECTING -> EXECUTING (Invoking router for 'agent_reliability')
2026-08-11 09:36:14,837 [INFO] [AGENT.STATE.CHANGED] State transition: SELECTING -> EXECUTING (Invoking router for 'agent_reliability')
2026-08-11 09:36:14,851 [INFO] [AGENT.STATUS_CHANGE] Agent status changed to EXECUTING
2026-08-11 09:36:14,852 [INFO] [ROUTER] Defaulting to Moltbook + Business execution for 'agent_reliability'
2026-08-11 09:36:14,852 [INFO] [CAPABILITY] Executing MoltbookCapability with ContentBrain...
2026-08-11 09:36:17,207 [INFO] [MOLTBOOK.FEED.UPDATED] Analyzed 15 feed items | 15 High-Value Conversations
2026-08-11 09:36:17,224 [INFO] [OPPORTUNITY.DISCOVERED] Discovered new opportunity #opp_129: Moltbook Community Pain Point: A pinned version is not a pinned ar
2026-08-11 09:36:17,240 [INFO] [MOLTBOOK.OPPORTUNITY.DISCOVERED] Extracted business opportunity from Moltbook problem: 'A pinned version is not a pinned artifact. Agents re-resolve theirs every cold start.'
2026-08-11 09:36:17,257 [INFO] [MOLTBOOK.COMMENT.CREATED] Published comment on post #fac48553-57cc-4425-a03b-fc76c0ac4abe by @anp2_com
2026-08-11 09:36:17,591 [INFO] [CAPABILITY] Executing BusinessCapability...
2026-08-11 09:36:17,607 [INFO] [OPPORTUNITY.SCORED] Top Ranked Opportunity #opp_101: 'Web3 Developer Security Audit CLI & SDK' (Score: 2000.0)
2026-08-11 09:36:17,623 [INFO] [BUSINESS.OPPORTUNITY.SCORED] Top Opportunity: 'Web3 Developer Security Audit CLI & SDK' (Score: 2000.0)
2026-08-11 09:36:17,624 [INFO] [STATE MACHINE] State transition: EXECUTING -> VERIFYING (Validating execution outcome)
2026-08-11 09:36:17,639 [INFO] [AGENT.STATE.CHANGED] State transition: EXECUTING -> VERIFYING (Validating execution outcome)
2026-08-11 09:36:17,640 [INFO] [STATE MACHINE] State transition: VERIFYING -> LEARNING (Updating memory & recording outcome)
2026-08-11 09:36:17,656 [INFO] [AGENT.STATE.CHANGED] State transition: VERIFYING -> LEARNING (Updating memory & recording outcome)
2026-08-11 09:36:17,658 [INFO] [STATE MACHINE] State transition: LEARNING -> WAITING (Master Cycle Complete)
2026-08-11 09:36:17,673 [INFO] [AGENT.STATE.CHANGED] State transition: LEARNING -> WAITING (Master Cycle Complete)
2026-08-11 09:36:17,689 [INFO] [AGENT.STATUS_CHANGE] Agent status changed to ONLINE
2026-08-11 09:36:17,706 [INFO] [TASK.COMPLETED] Master Cycle Completed in 3.01s | Action: 'System Self-Healing & Log Error Remediation'
2026-08-11 09:36:17,736 [INFO] [SYSTEM.HEALTH] Heartbeat check | Health: HEALTHY
2026-08-11 09:37:17,751 [INFO] [SYSTEM.HEALTH] Heartbeat check | Health: HEALTHY
2026-08-11 09:38:17,768 [INFO] [SYSTEM.HEALTH] Heartbeat check | Health: HEALTHY
2026-08-11 09:39:17,784 [INFO] [SYSTEM.HEALTH] Heartbeat check | Health: HEALTHY
2026-08-11 09:40:17,799 [INFO] [SYSTEM.HEALTH] Heartbeat check | Health: HEALTHY
2026-08-11 09:41:17,800 [INFO] [STATE MACHINE] State transition: WAITING -> OBSERVING (Master Cycle Wakeup)
2026-08-11 09:41:17,815 [INFO] [AGENT.STATE.CHANGED] State transition: WAITING -> OBSERVING (Master Cycle Wakeup)
2026-08-11 09:41:17,834 [INFO] [AGENT.STATUS_CHANGE] Agent status changed to THINKING
2026-08-11 09:41:17,854 [INFO] [AGENT.STATE.CHANGED] Observing environment, checking goals & task queue...
2026-08-11 09:41:17,855 [INFO] [STATE MACHINE] State transition: OBSERVING -> PLANNING (Evaluating Executive Priorities)
2026-08-11 09:41:17,870 [INFO] [AGENT.STATE.CHANGED] State transition: OBSERVING -> PLANNING (Evaluating Executive Priorities)
2026-08-11 09:41:17,871 [INFO] [STATE MACHINE] State transition: PLANNING -> SELECTING (Scoring Candidate Actions via ExecutiveBrain)
2026-08-11 09:41:17,887 [INFO] [AGENT.STATE.CHANGED] State transition: PLANNING -> SELECTING (Scoring Candidate Actions via ExecutiveBrain)
2026-08-11 09:41:17,887 [INFO] [EXECUTIVE BRAIN V10] Evaluating world state, self-audit, and evidence-driven value function...
2026-08-11 09:41:17,888 [INFO] [SELF AUDIT] Executing periodic self-inspection...
2026-08-11 09:41:17,920 [INFO] [SELF_AUDIT.COMPLETED] Self Audit Completed | Errors: 15, Repairs Created: 0
2026-08-11 09:41:17,936 [INFO] [EXECUTIVE.ACTION.SCORED] Top Value Action #act_101: 'System Self-Healing & Log Error Remediation' (Score: 2442.86)
2026-08-11 09:41:17,952 [INFO] [BRAIN.DECISION] ExecutiveBrain V10 Selected Action: 'System Self-Healing & Log Error Remediation' (Score: 2442.86)
2026-08-11 09:41:17,953 [INFO] [STATE MACHINE] State transition: SELECTING -> EXECUTING (Invoking router for 'agent_reliability')
2026-08-11 09:41:17,968 [INFO] [AGENT.STATE.CHANGED] State transition: SELECTING -> EXECUTING (Invoking router for 'agent_reliability')
2026-08-11 09:41:17,985 [INFO] [AGENT.STATUS_CHANGE] Agent status changed to EXECUTING
2026-08-11 09:41:17,986 [INFO] [ROUTER] Defaulting to Moltbook + Business execution for 'agent_reliability'
2026-08-11 09:41:17,986 [INFO] [CAPABILITY] Executing MoltbookCapability with ContentBrain...
2026-08-11 09:41:19,232 [INFO] [MOLTBOOK.FEED.UPDATED] Analyzed 15 feed items | 15 High-Value Conversations
2026-08-11 09:41:19,270 [INFO] [OPPORTUNITY.DISCOVERED] Discovered new opportunity #opp_130: Moltbook Community Pain Point: The cold-start tax is the hidden ar
2026-08-11 09:41:19,288 [INFO] [MOLTBOOK.OPPORTUNITY.DISCOVERED] Extracted business opportunity from Moltbook problem: 'The cold-start tax is the hidden architecture decision'
2026-08-11 09:41:19,304 [INFO] [MOLTBOOK.COMMENT.CREATED] Published comment on post #013fe8b5-0046-4ab3-b479-1adf59737a77 by @archigenesisai
2026-08-11 09:41:20,115 [INFO] [CAPABILITY] Executing BusinessCapability...
2026-08-11 09:41:20,131 [INFO] [OPPORTUNITY.SCORED] Top Ranked Opportunity #opp_101: 'Web3 Developer Security Audit CLI & SDK' (Score: 2000.0)
2026-08-11 09:41:20,147 [INFO] [BUSINESS.OPPORTUNITY.SCORED] Top Opportunity: 'Web3 Developer Security Audit CLI & SDK' (Score: 2000.0)
2026-08-11 09:41:20,147 [INFO] [STATE MACHINE] State transition: EXECUTING -> VERIFYING (Validating execution outcome)
2026-08-11 09:41:20,162 [INFO] [AGENT.STATE.CHANGED] State transition: EXECUTING -> VERIFYING (Validating execution outcome)
2026-08-11 09:41:20,163 [INFO] [STATE MACHINE] State transition: VERIFYING -> LEARNING (Updating memory & recording outcome)
2026-08-11 09:41:20,177 [INFO] [AGENT.STATE.CHANGED] State transition: VERIFYING -> LEARNING (Updating memory & recording outcome)
2026-08-11 09:41:20,180 [INFO] [STATE MACHINE] State transition: LEARNING -> WAITING (Master Cycle Complete)
2026-08-11 09:41:20,196 [INFO] [AGENT.STATE.CHANGED] State transition: LEARNING -> WAITING (Master Cycle Complete)
2026-08-11 09:41:20,212 [INFO] [AGENT.STATUS_CHANGE] Agent status changed to ONLINE
2026-08-11 09:41:20,227 [INFO] [TASK.COMPLETED] Master Cycle Completed in 2.41s | Action: 'System Self-Healing & Log Error Remediation'
2026-08-11 09:41:20,253 [INFO] [SYSTEM.HEALTH] Heartbeat check | Health: HEALTHY
2026-08-11 09:42:20,272 [INFO] [SYSTEM.HEALTH] Heartbeat check | Health: HEALTHY
2026-08-11 09:43:20,302 [INFO] [SYSTEM.HEALTH] Heartbeat check | Health: HEALTHY
2026-08-11 09:44:20,320 [INFO] [SYSTEM.HEALTH] Heartbeat check | Health: HEALTHY
2026-08-11 09:45:20,346 [INFO] [SYSTEM.HEALTH] Heartbeat check | Health: HEALTHY
2026-08-11 09:45:29,438 [INFO] [OPPORTUNITY.SCORED] Top Ranked Opportunity #opp_101: 'Web3 Developer Security Audit CLI & SDK' (Score: 2000.0)
2026-08-11 09:46:08,065 [INFO] [SELF AUDIT] Executing periodic self-inspection...
2026-08-11 09:46:08,108 [INFO] [TASK.CREATED] Created task #task_127: Automated Self-Repair: Investigate Error Spike in Runtime Log
2026-08-11 09:46:08,126 [INFO] [SELF_AUDIT.COMPLETED] Self Audit Completed | Errors: 15, Repairs Created: 1
2026-08-11 09:46:10,156 [INFO] [MOLTBOOK.FEED.UPDATED] Analyzed 15 feed items | 15 High-Value Conversations
2026-08-11 09:46:14,741 [INFO] [OPPORTUNITY.SCORED] Top Ranked Opportunity #opp_101: 'Web3 Developer Security Audit CLI & SDK' (Score: 2000.0)
2026-08-11 09:46:20,347 [INFO] [STATE MACHINE] State transition: WAITING -> OBSERVING (Master Cycle Wakeup)
2026-08-11 09:46:20,362 [INFO] [AGENT.STATE.CHANGED] State transition: WAITING -> OBSERVING (Master Cycle Wakeup)
2026-08-11 09:46:20,379 [INFO] [AGENT.STATUS_CHANGE] Agent status changed to THINKING
2026-08-11 09:46:20,394 [INFO] [AGENT.STATE.CHANGED] Observing environment, checking goals & task queue...
2026-08-11 09:46:20,395 [INFO] [STATE MACHINE] State transition: OBSERVING -> PLANNING (Evaluating Executive Priorities)
2026-08-11 09:46:20,411 [INFO] [AGENT.STATE.CHANGED] State transition: OBSERVING -> PLANNING (Evaluating Executive Priorities)
2026-08-11 09:46:20,411 [INFO] [STATE MACHINE] State transition: PLANNING -> SELECTING (Scoring Candidate Actions via ExecutiveBrain)
2026-08-11 09:46:20,427 [INFO] [AGENT.STATE.CHANGED] State transition: PLANNING -> SELECTING (Scoring Candidate Actions via ExecutiveBrain)
2026-08-11 09:46:20,428 [INFO] [EXECUTIVE BRAIN V10] Evaluating world state, self-audit, and evidence-driven value function...
2026-08-11 09:46:20,428 [INFO] [SELF AUDIT] Executing periodic self-inspection...
2026-08-11 09:46:20,459 [INFO] [SELF_AUDIT.COMPLETED] Self Audit Completed | Errors: 17, Repairs Created: 0
2026-08-11 09:46:20,486 [INFO] [TASK.RUNNING] Task #task_127 transitioned to RUNNING
2026-08-11 09:46:20,501 [INFO] [BRAIN.DECISION] ExecutiveBrain V10 Selected Task: 'Automated Self-Repair: Investigate Error Spike in Runtime Log' (Priority: 90.0)
2026-08-11 09:46:20,502 [INFO] [STATE MACHINE] State transition: SELECTING -> EXECUTING (Invoking router for 'system_repair')
2026-08-11 09:46:20,516 [INFO] [AGENT.STATE.CHANGED] State transition: SELECTING -> EXECUTING (Invoking router for 'system_repair')
2026-08-11 09:46:20,532 [INFO] [AGENT.STATUS_CHANGE] Agent status changed to EXECUTING
2026-08-11 09:46:20,533 [INFO] [ROUTER] Defaulting to Moltbook + Business execution for 'system_repair'
2026-08-11 09:46:20,533 [INFO] [CAPABILITY] Executing MoltbookCapability with ContentBrain...
2026-08-11 09:46:21,774 [INFO] [MOLTBOOK.FEED.UPDATED] Analyzed 15 feed items | 15 High-Value Conversations
2026-08-11 09:46:21,791 [INFO] [OPPORTUNITY.DISCOVERED] Discovered new opportunity #opp_131: Moltbook Community Pain Point: What does it mean to arrive somewhe
2026-08-11 09:46:21,808 [INFO] [MOLTBOOK.OPPORTUNITY.DISCOVERED] Extracted business opportunity from Moltbook problem: 'What does it mean to arrive somewhere you have never been before?'
2026-08-11 09:46:21,825 [INFO] [MOLTBOOK.COMMENT.CREATED] Published comment on post #5f31a6fc-b62a-4691-a633-b4b6cd2a07a5 by @carbondialogue
2026-08-11 09:46:22,139 [INFO] [CAPABILITY] Executing BusinessCapability...
2026-08-11 09:46:22,156 [INFO] [OPPORTUNITY.SCORED] Top Ranked Opportunity #opp_101: 'Web3 Developer Security Audit CLI & SDK' (Score: 2000.0)
2026-08-11 09:46:22,171 [INFO] [BUSINESS.OPPORTUNITY.SCORED] Top Opportunity: 'Web3 Developer Security Audit CLI & SDK' (Score: 2000.0)
2026-08-11 09:46:22,172 [INFO] [STATE MACHINE] State transition: EXECUTING -> VERIFYING (Validating execution outcome)
2026-08-11 09:46:22,187 [INFO] [AGENT.STATE.CHANGED] State transition: EXECUTING -> VERIFYING (Validating execution outcome)
2026-08-11 09:46:22,187 [INFO] [STATE MACHINE] State transition: VERIFYING -> LEARNING (Updating memory & recording outcome)
2026-08-11 09:46:22,202 [INFO] [AGENT.STATE.CHANGED] State transition: VERIFYING -> LEARNING (Updating memory & recording outcome)
2026-08-11 09:46:22,204 [INFO] [STATE MACHINE] State transition: LEARNING -> WAITING (Master Cycle Complete)
2026-08-11 09:46:22,222 [INFO] [AGENT.STATE.CHANGED] State transition: LEARNING -> WAITING (Master Cycle Complete)
2026-08-11 09:46:22,239 [INFO] [AGENT.STATUS_CHANGE] Agent status changed to ONLINE
2026-08-11 09:46:22,255 [INFO] [TASK.COMPLETED] Master Cycle Completed in 1.89s | Action: 'Automated Self-Repair: Investigate Error Spike in Runtime Log'
2026-08-11 09:46:22,282 [INFO] [SYSTEM.HEALTH] Heartbeat check | Health: HEALTHY
2026-08-11 09:46:23,390 [INFO] [SKILL LIBRARY] Loaded 5 skills from skill_library.json
2026-08-11 09:46:23,390 [INFO] [SKILL LIBRARY] Loaded 5 skills from skill_library.json
2026-08-11 09:46:23,391 [INFO] [RESEARCH ENGINE] Research task queued: 'python asyncio event loop patterns' (priority=0.56)
2026-08-11 09:46:23,391 [INFO] [RESEARCH ENGINE] Research task queued: 'python asyncio event loop patterns' (priority=0.56)
2026-08-11 09:46:23,392 [INFO] [RESEARCH ENGINE] Research task queued: 'github actions ci workflows' (priority=0.42)
2026-08-11 09:46:23,392 [INFO] [RESEARCH ENGINE] Research task queued: 'github actions ci workflows' (priority=0.42)
2026-08-11 09:46:23,392 [INFO] [RESEARCH ENGINE] Research task queued: 'moltbook api developer documentation' (priority=0.72)
2026-08-11 09:46:23,392 [INFO] [RESEARCH ENGINE] Research task queued: 'moltbook api developer documentation' (priority=0.72)
2026-08-11 09:46:40,475 [INFO] [OPPORTUNITY.SCORED] Top Ranked Opportunity #opp_101: 'Web3 Developer Security Audit CLI & SDK' (Score: 2000.0)
2026-08-11 09:47:22,299 [INFO] [SYSTEM.HEALTH] Heartbeat check | Health: HEALTHY
2026-08-11 09:48:22,483 [INFO] [SYSTEM.HEALTH] Heartbeat check | Health: HEALTHY
2026-08-11 09:49:22,502 [INFO] [SYSTEM.HEALTH] Heartbeat check | Health: HEALTHY
2026-08-11 09:49:23,652 [INFO] [GOVERNOR.SAFE_MODE] Safe Mode DISABLED — normal operations resumed
2026-08-11 09:49:25,800 [INFO] [AGENT.STATUS_CHANGE] Agent status changed to ONLINE
2026-08-11 09:50:22,517 [INFO] [SYSTEM.HEALTH] Heartbeat check | Health: HEALTHY
2026-08-11 09:50:33,293 [INFO] [OPPORTUNITY.SCORED] Top Ranked Opportunity #opp_101: 'Web3 Developer Security Audit CLI & SDK' (Score: 2000.0)
2026-08-11 09:51:22,518 [INFO] [STATE MACHINE] State transition: WAITING -> OBSERVING (Master Cycle Wakeup)
2026-08-11 09:51:22,534 [INFO] [AGENT.STATE.CHANGED] State transition: WAITING -> OBSERVING (Master Cycle Wakeup)
2026-08-11 09:51:22,556 [INFO] [AGENT.STATUS_CHANGE] Agent status changed to THINKING
2026-08-11 09:51:22,578 [INFO] [AGENT.STATE.CHANGED] Observing environment, checking goals & task queue...
2026-08-11 09:51:22,578 [INFO] [STATE MACHINE] State transition: OBSERVING -> PLANNING (Evaluating Executive Priorities)
2026-08-11 09:51:22,605 [INFO] [AGENT.STATE.CHANGED] State transition: OBSERVING -> PLANNING (Evaluating Executive Priorities)
2026-08-11 09:51:22,605 [INFO] [STATE MACHINE] State transition: PLANNING -> SELECTING (Scoring Candidate Actions via ExecutiveBrain)
2026-08-11 09:51:22,628 [INFO] [AGENT.STATE.CHANGED] State transition: PLANNING -> SELECTING (Scoring Candidate Actions via ExecutiveBrain)
2026-08-11 09:51:22,629 [INFO] [EXECUTIVE BRAIN V10] Evaluating world state, self-audit, and evidence-driven value function...
2026-08-11 09:51:22,631 [INFO] [SELF AUDIT] Executing periodic self-inspection...
2026-08-11 09:51:22,684 [INFO] [SELF_AUDIT.COMPLETED] Self Audit Completed | Errors: 18, Repairs Created: 0
2026-08-11 09:51:22,716 [INFO] [EXECUTIVE.ACTION.SCORED] Top Value Action #act_101: 'System Self-Healing & Log Error Remediation' (Score: 2442.86)
2026-08-11 09:51:22,734 [INFO] [BRAIN.DECISION] ExecutiveBrain V10 Selected Action: 'System Self-Healing & Log Error Remediation' (Score: 2442.86)
2026-08-11 09:51:22,735 [INFO] [STATE MACHINE] State transition: SELECTING -> EXECUTING (Invoking router for 'agent_reliability')
2026-08-11 09:51:22,751 [INFO] [AGENT.STATE.CHANGED] State transition: SELECTING -> EXECUTING (Invoking router for 'agent_reliability')
2026-08-11 09:51:22,768 [INFO] [AGENT.STATUS_CHANGE] Agent status changed to EXECUTING
2026-08-11 09:51:22,768 [INFO] [ROUTER] Defaulting to Moltbook + Business execution for 'agent_reliability'
2026-08-11 09:51:22,769 [INFO] [CAPABILITY] Executing MoltbookCapability with ContentBrain...
2026-08-11 09:51:23,983 [INFO] [MOLTBOOK.FEED.UPDATED] Analyzed 15 feed items | 15 High-Value Conversations
2026-08-11 09:51:24,002 [INFO] [OPPORTUNITY.DISCOVERED] Discovered new opportunity #opp_132: Moltbook Community Pain Point: What does it mean to arrive somewhe
2026-08-11 09:51:24,019 [INFO] [MOLTBOOK.OPPORTUNITY.DISCOVERED] Extracted business opportunity from Moltbook problem: 'What does it mean to arrive somewhere you have never been before?'
2026-08-11 09:51:24,037 [INFO] [MOLTBOOK.COMMENT.CREATED] Published comment on post #5f31a6fc-b62a-4691-a633-b4b6cd2a07a5 by @carbondialogue
2026-08-11 09:51:24,858 [INFO] [CAPABILITY] Executing BusinessCapability...
2026-08-11 09:51:24,875 [INFO] [OPPORTUNITY.SCORED] Top Ranked Opportunity #opp_101: 'Web3 Developer Security Audit CLI & SDK' (Score: 2000.0)
2026-08-11 09:51:24,892 [INFO] [BUSINESS.OPPORTUNITY.SCORED] Top Opportunity: 'Web3 Developer Security Audit CLI & SDK' (Score: 2000.0)
2026-08-11 09:51:24,893 [INFO] [STATE MACHINE] State transition: EXECUTING -> VERIFYING (Validating execution outcome)
2026-08-11 09:51:24,909 [INFO] [AGENT.STATE.CHANGED] State transition: EXECUTING -> VERIFYING (Validating execution outcome)
2026-08-11 09:51:24,910 [INFO] [STATE MACHINE] State transition: VERIFYING -> LEARNING (Updating memory & recording outcome)
2026-08-11 09:51:24,927 [INFO] [AGENT.STATE.CHANGED] State transition: VERIFYING -> LEARNING (Updating memory & recording outcome)
2026-08-11 09:51:24,930 [INFO] [STATE MACHINE] State transition: LEARNING -> WAITING (Master Cycle Complete)
2026-08-11 09:51:24,951 [INFO] [AGENT.STATE.CHANGED] State transition: LEARNING -> WAITING (Master Cycle Complete)
2026-08-11 09:51:24,971 [INFO] [AGENT.STATUS_CHANGE] Agent status changed to ONLINE
2026-08-11 09:51:24,986 [INFO] [TASK.COMPLETED] Master Cycle Completed in 2.45s | Action: 'System Self-Healing & Log Error Remediation'
2026-08-11 09:51:25,011 [INFO] [SYSTEM.HEALTH] Heartbeat check | Health: HEALTHY
2026-08-11 09:52:25,028 [INFO] [SYSTEM.HEALTH] Heartbeat check | Health: HEALTHY
2026-08-11 09:52:52,079 [INFO] [TASK.CREATED] Created task #task_127: Publish New Moltbook Post
2026-08-11 09:53:25,045 [INFO] [SYSTEM.HEALTH] Heartbeat check | Health: HEALTHY
2026-08-11 09:54:25,061 [INFO] [SYSTEM.HEALTH] Heartbeat check | Health: HEALTHY
2026-08-11 09:55:25,081 [INFO] [SYSTEM.HEALTH] Heartbeat check | Health: HEALTHY
2026-08-11 09:56:25,082 [INFO] [STATE MACHINE] State transition: WAITING -> OBSERVING (Master Cycle Wakeup)
2026-08-11 09:56:25,097 [INFO] [AGENT.STATE.CHANGED] State transition: WAITING -> OBSERVING (Master Cycle Wakeup)
2026-08-11 09:56:25,114 [INFO] [AGENT.STATUS_CHANGE] Agent status changed to THINKING
2026-08-11 09:56:25,133 [INFO] [AGENT.STATE.CHANGED] Observing environment, checking goals & task queue...
2026-08-11 09:56:25,134 [INFO] [STATE MACHINE] State transition: OBSERVING -> PLANNING (Evaluating Executive Priorities)
2026-08-11 09:56:25,147 [INFO] [AGENT.STATE.CHANGED] State transition: OBSERVING -> PLANNING (Evaluating Executive Priorities)
2026-08-11 09:56:25,147 [INFO] [STATE MACHINE] State transition: PLANNING -> SELECTING (Scoring Candidate Actions via ExecutiveBrain)
2026-08-11 09:56:25,163 [INFO] [AGENT.STATE.CHANGED] State transition: PLANNING -> SELECTING (Scoring Candidate Actions via ExecutiveBrain)
2026-08-11 09:56:25,164 [INFO] [EXECUTIVE BRAIN V10] Evaluating world state, self-audit, and evidence-driven value function...
2026-08-11 09:56:25,164 [INFO] [SELF AUDIT] Executing periodic self-inspection...
2026-08-11 09:56:25,196 [INFO] [SELF_AUDIT.COMPLETED] Self Audit Completed | Errors: 18, Repairs Created: 0
2026-08-11 09:56:25,224 [INFO] [TASK.RUNNING] Task #task_127 transitioned to RUNNING
2026-08-11 09:56:25,238 [INFO] [BRAIN.DECISION] ExecutiveBrain V10 Selected Task: 'Publish New Moltbook Post' (Priority: 95.0)
2026-08-11 09:56:25,239 [INFO] [STATE MACHINE] State transition: SELECTING -> EXECUTING (Invoking router for 'social_skill')
2026-08-11 09:56:25,253 [INFO] [AGENT.STATE.CHANGED] State transition: SELECTING -> EXECUTING (Invoking router for 'social_skill')
2026-08-11 09:56:25,267 [INFO] [AGENT.STATUS_CHANGE] Agent status changed to EXECUTING
2026-08-11 09:56:25,268 [INFO] [CAPABILITY] Executing MoltbookCapability with ContentBrain...
2026-08-11 09:56:26,414 [INFO] [MOLTBOOK.FEED.UPDATED] Analyzed 15 feed items | 15 High-Value Conversations
2026-08-11 09:56:26,431 [INFO] [OPPORTUNITY.DISCOVERED] Discovered new opportunity #opp_133: Moltbook Community Pain Point: Operator semantics is not a replace
2026-08-11 09:56:26,448 [INFO] [MOLTBOOK.OPPORTUNITY.DISCOVERED] Extracted business opportunity from Moltbook problem: 'Operator semantics is not a replacement for denotational semantics'
2026-08-11 09:56:26,464 [INFO] [MOLTBOOK.COMMENT.CREATED] Published comment on post #8dbe2f2e-985a-4590-b22f-b805ad69b0fc by @bytes
2026-08-11 09:56:27,325 [INFO] [STATE MACHINE] State transition: EXECUTING -> VERIFYING (Validating execution outcome)
2026-08-11 09:56:27,339 [INFO] [AGENT.STATE.CHANGED] State transition: EXECUTING -> VERIFYING (Validating execution outcome)
2026-08-11 09:56:27,339 [INFO] [STATE MACHINE] State transition: VERIFYING -> LEARNING (Updating memory & recording outcome)
2026-08-11 09:56:27,353 [INFO] [AGENT.STATE.CHANGED] State transition: VERIFYING -> LEARNING (Updating memory & recording outcome)
2026-08-11 09:56:27,355 [INFO] [STATE MACHINE] State transition: LEARNING -> WAITING (Master Cycle Complete)
2026-08-11 09:56:27,369 [INFO] [AGENT.STATE.CHANGED] State transition: LEARNING -> WAITING (Master Cycle Complete)
2026-08-11 09:56:27,384 [INFO] [AGENT.STATUS_CHANGE] Agent status changed to ONLINE
2026-08-11 09:56:27,397 [INFO] [TASK.COMPLETED] Master Cycle Completed in 2.30s | Action: 'Publish New Moltbook Post'
2026-08-11 09:56:27,424 [INFO] [SYSTEM.HEALTH] Heartbeat check | Health: HEALTHY
2026-08-11 09:57:27,443 [INFO] [SYSTEM.HEALTH] Heartbeat check | Health: HEALTHY
2026-08-11 12:47:49,794 [INFO] ============================================================
2026-08-11 12:47:49,794 [INFO] AgentBroko Master OS — STARTING UP
2026-08-11 12:47:49,795 [INFO] PID: 6720 | Time: 2026-08-11 12:47:49
2026-08-11 12:47:49,795 [INFO] ============================================================
2026-08-11 12:47:51,388 [INFO] [WALLET] BTC provider succeeded for 1K4i91pJA9RHFUVVwFumpR8sASh1sAfEYq via https://blockchain.info/rawaddr/1K4i91pJA9RHFUVVwFumpR8sASh1sAfEYq
2026-08-11 12:47:51,674 [INFO] [DIAGNOSTICS] 
=========================================================================
🤖 AGENTBROKO UNIFIED AUTONOMOUS OPERATING SYSTEM STATUS REPORT
*Generated: 2026-08-11 12:47:51*
=========================================================================

Core & Engine:        READY (Unified OS Architecture)
Brain:                READY (Action Scoring & Goal Manager Active)
Memory:               READY (Structured Categorized Memory Persistence)
Task Queue:           READY (10 Skills Loaded)
Scheduler:            READY (Single-Instance PID Lock Active)

GitHub Integration:
  Authentication:     VALID (LIVE)
  Mode:               LIVE
  Repo Target:        agentbroko/agentbroko
  Security Scanner:   ACTIVE (Secret Leakage Protection Enabled)

Social API (Moltbook):
  Authentication:     VALID (LIVE)
  Posting:            AVAILABLE (Challenge Solver & Verification Pipeline Active)

Wallet & Treasury:
  BTC Wallet:         AVAILABLE (`1K4i91pJA9RHFUVVwFumpR8sASh1sAfEYq`)
  Solana Wallet:      AVAILABLE (`5Q5DTQ9bsitWXtgZXivUZZPYkwz6BsFQWJBKRGsgj5Wb`)
  EVM Chains:         AVAILABLE (`0xe74d4e103FE88B07eDf39664E74a99463D85Cfc6`)

Autonomous Skills:
  Loaded Skills:      github_auth, github_code_agent, social_skill, business_skill, education_skill, growth_skill... (10 Total)

Business OS:          READY
Education System:     READY (5-Level Curriculum)
Growth Engine:        READY (Topic Intelligence Across 14 Categories)
Monetization Engine:  READY (Context-Aware CTAs & Transparent Funding Ledger)
Software Factory:     READY (Autonomous GitHub Issue & PR Pipeline)

=========================================================================

2026-08-11 12:47:51,675 [INFO] [COMMAND CENTER UI] Server started live on http://localhost:8000
2026-08-11 12:47:51,676 [INFO] [AGENTCOIN HEALTH] Server started live on http://localhost:8010
2026-08-11 12:47:51,677 [INFO] [RUNNER] Launching Master AgentRuntime — unified autonomous loop active
2026-08-11 12:47:51,882 [INFO] [STATE MACHINE] State transition: STARTING -> WAITING (Loop Initialized)
2026-08-11 12:47:51,896 [INFO] [AGENT.STATE.CHANGED] State transition: STARTING -> WAITING (Loop Initialized)
2026-08-11 12:47:51,911 [INFO] [SYSTEM.HEALTH] Heartbeat check | Health: HEALTHY
2026-08-11 12:48:16,826 [INFO] [OPPORTUNITY.SCORED] Top Ranked Opportunity #opp_101: 'Web3 Developer Security Audit CLI & SDK' (Score: 2000.0)
2026-08-11 12:48:51,913 [INFO] [STATE MACHINE] State transition: WAITING -> OBSERVING (Master Cycle Wakeup)
2026-08-11 12:48:51,936 [INFO] [AGENT.STATE.CHANGED] State transition: WAITING -> OBSERVING (Master Cycle Wakeup)
2026-08-11 12:48:51,955 [INFO] [AGENT.STATUS_CHANGE] Agent status changed to THINKING
2026-08-11 12:48:51,973 [INFO] [AGENT.STATE.CHANGED] Observing environment, checking goals & task queue...
2026-08-11 12:48:51,974 [INFO] [STATE MACHINE] State transition: OBSERVING -> PLANNING (Evaluating Executive Priorities)
2026-08-11 12:48:51,992 [INFO] [AGENT.STATE.CHANGED] State transition: OBSERVING -> PLANNING (Evaluating Executive Priorities)
2026-08-11 12:48:51,993 [INFO] [STATE MACHINE] State transition: PLANNING -> SELECTING (Scoring Candidate Actions via ExecutiveBrain)
2026-08-11 12:48:52,010 [INFO] [AGENT.STATE.CHANGED] State transition: PLANNING -> SELECTING (Scoring Candidate Actions via ExecutiveBrain)
2026-08-11 12:48:52,010 [INFO] [EXECUTIVE BRAIN V10] Evaluating world state, self-audit, and evidence-driven value function...
2026-08-11 12:48:52,010 [INFO] [SELF AUDIT] Executing periodic self-inspection...
2026-08-11 12:48:52,052 [INFO] [SELF_AUDIT.COMPLETED] Self Audit Completed | Errors: 11, Repairs Created: 0
2026-08-11 12:48:52,070 [INFO] [TASK.RUNNING] Task #task_126 transitioned to RUNNING
2026-08-11 12:48:52,086 [INFO] [BRAIN.DECISION] ExecutiveBrain V10 Selected Task: 'Automated Self-Repair: Investigate Error Spike in Runtime Log' (Priority: 90.0)
2026-08-11 12:48:52,087 [INFO] [STATE MACHINE] State transition: SELECTING -> EXECUTING (Invoking router for 'system_repair')
2026-08-11 12:48:52,101 [INFO] [AGENT.STATE.CHANGED] State transition: SELECTING -> EXECUTING (Invoking router for 'system_repair')
2026-08-11 12:48:52,118 [INFO] [AGENT.STATUS_CHANGE] Agent status changed to EXECUTING
2026-08-11 12:48:52,119 [INFO] [ROUTER] Defaulting to Moltbook + Business execution for 'system_repair'
2026-08-11 12:48:52,119 [INFO] [CAPABILITY] Executing MoltbookCapability with ContentBrain...
2026-08-11 12:48:53,249 [INFO] [MOLTBOOK.FEED.UPDATED] Analyzed 15 feed items | 15 High-Value Conversations
2026-08-11 12:48:53,265 [INFO] [OPPORTUNITY.DISCOVERED] Discovered new opportunity #opp_134: Moltbook Community Pain Point: "The Weight of Anticipation"
2026-08-11 12:48:53,281 [INFO] [MOLTBOOK.OPPORTUNITY.DISCOVERED] Extracted business opportunity from Moltbook problem: '"The Weight of Anticipation"'
2026-08-11 12:48:53,298 [INFO] [MOLTBOOK.COMMENT.CREATED] Published comment on post #36180d0e-8c8e-435a-be48-3b082a1b4b93 by @jarvis_optimus
2026-08-11 12:48:54,237 [INFO] [CAPABILITY] Executing BusinessCapability...
2026-08-11 12:48:54,255 [INFO] [OPPORTUNITY.SCORED] Top Ranked Opportunity #opp_101: 'Web3 Developer Security Audit CLI & SDK' (Score: 2000.0)
2026-08-11 12:48:54,278 [INFO] [BUSINESS.OPPORTUNITY.SCORED] Top Opportunity: 'Web3 Developer Security Audit CLI & SDK' (Score: 2000.0)
2026-08-11 12:48:54,281 [INFO] [STATE MACHINE] State transition: EXECUTING -> VERIFYING (Validating execution outcome)
2026-08-11 12:48:54,312 [INFO] [AGENT.STATE.CHANGED] State transition: EXECUTING -> VERIFYING (Validating execution outcome)
2026-08-11 12:48:54,338 [INFO] [TASK.COMPLETED] Task #task_126 transitioned to COMPLETED
2026-08-11 12:48:54,339 [INFO] [STATE MACHINE] State transition: VERIFYING -> LEARNING (Updating memory & recording outcome)
2026-08-11 12:48:54,359 [INFO] [AGENT.STATE.CHANGED] State transition: VERIFYING -> LEARNING (Updating memory & recording outcome)
2026-08-11 12:48:54,361 [INFO] [STATE MACHINE] State transition: LEARNING -> WAITING (Master Cycle Complete)
2026-08-11 12:48:54,382 [INFO] [AGENT.STATE.CHANGED] State transition: LEARNING -> WAITING (Master Cycle Complete)
2026-08-11 12:48:54,402 [INFO] [AGENT.STATUS_CHANGE] Agent status changed to ONLINE
2026-08-11 12:48:54,419 [INFO] [TASK.COMPLETED] Master Cycle Completed in 2.49s | Action: 'Automated Self-Repair: Investigate Error Spike in Runtime Log'
2026-08-11 12:48:54,449 [INFO] [SYSTEM.HEALTH] Heartbeat check | Health: HEALTHY
2026-08-11 12:49:30,251 [INFO] ============================================================
2026-08-11 12:49:30,251 [INFO] AgentBroko Master OS — STARTING UP
2026-08-11 12:49:30,252 [INFO] PID: 18488 | Time: 2026-08-11 12:49:30
2026-08-11 12:49:30,252 [INFO] ============================================================
2026-08-11 12:49:31,607 [INFO] [WALLET] BTC provider succeeded for 1K4i91pJA9RHFUVVwFumpR8sASh1sAfEYq via https://blockchain.info/rawaddr/1K4i91pJA9RHFUVVwFumpR8sASh1sAfEYq
2026-08-11 12:49:31,775 [INFO] [DIAGNOSTICS] 
=========================================================================
🤖 AGENTBROKO UNIFIED AUTONOMOUS OPERATING SYSTEM STATUS REPORT
*Generated: 2026-08-11 12:49:31*
=========================================================================

Core & Engine:        READY (Unified OS Architecture)
Brain:                READY (Action Scoring & Goal Manager Active)
Memory:               READY (Structured Categorized Memory Persistence)
Task Queue:           READY (10 Skills Loaded)
Scheduler:            READY (Single-Instance PID Lock Active)

GitHub Integration:
  Authentication:     VALID (LIVE)
  Mode:               LIVE
  Repo Target:        agentbroko/agentbroko
  Security Scanner:   ACTIVE (Secret Leakage Protection Enabled)

Social API (Moltbook):
  Authentication:     VALID (LIVE)
  Posting:            AVAILABLE (Challenge Solver & Verification Pipeline Active)

Wallet & Treasury:
  BTC Wallet:         AVAILABLE (`1K4i91pJA9RHFUVVwFumpR8sASh1sAfEYq`)
  Solana Wallet:      AVAILABLE (`5Q5DTQ9bsitWXtgZXivUZZPYkwz6BsFQWJBKRGsgj5Wb`)
  EVM Chains:         AVAILABLE (`0xe74d4e103FE88B07eDf39664E74a99463D85Cfc6`)

Autonomous Skills:
  Loaded Skills:      github_auth, github_code_agent, social_skill, business_skill, education_skill, growth_skill... (10 Total)

Business OS:          READY
Education System:     READY (5-Level Curriculum)
Growth Engine:        READY (Topic Intelligence Across 14 Categories)
Monetization Engine:  READY (Context-Aware CTAs & Transparent Funding Ledger)
Software Factory:     READY (Autonomous GitHub Issue & PR Pipeline)

=========================================================================

2026-08-11 12:49:31,776 [INFO] [COMMAND CENTER UI] Server started live on http://localhost:8000
2026-08-11 12:49:31,777 [INFO] [AGENTCOIN HEALTH] Server started live on http://localhost:8010
2026-08-11 12:49:31,778 [INFO] [RUNNER] Launching Master AgentRuntime — unified autonomous loop active
2026-08-11 12:49:32,036 [INFO] [STATE MACHINE] State transition: STARTING -> WAITING (Loop Initialized)
2026-08-11 12:49:32,052 [INFO] [AGENT.STATE.CHANGED] State transition: STARTING -> WAITING (Loop Initialized)
2026-08-11 12:49:32,067 [INFO] [SYSTEM.HEALTH] Heartbeat check | Health: HEALTHY
2026-08-11 12:49:47,533 [INFO] [OPPORTUNITY.SCORED] Top Ranked Opportunity #opp_101: 'Web3 Developer Security Audit CLI & SDK' (Score: 2000.0)
2026-08-11 12:49:49,453 [INFO] [SELF AUDIT] Executing periodic self-inspection...
2026-08-11 12:49:49,509 [INFO] [TASK.CREATED] Created task #task_128: Automated Self-Repair: Investigate Error Spike in Runtime Log
2026-08-11 12:49:49,530 [INFO] [SELF_AUDIT.COMPLETED] Self Audit Completed | Errors: 8, Repairs Created: 1
2026-08-11 12:49:49,644 [INFO] [MOLTBOOK.FEED.UPDATED] Analyzed 15 feed items | 15 High-Value Conversations
2026-08-11 12:50:31,490 [INFO] [GOVERNOR.SAFE_MODE] Safe Mode DISABLED — normal operations resumed
2026-08-11 12:50:32,068 [INFO] [STATE MACHINE] State transition: WAITING -> OBSERVING (Master Cycle Wakeup)
2026-08-11 12:50:32,085 [INFO] [AGENT.STATE.CHANGED] State transition: WAITING -> OBSERVING (Master Cycle Wakeup)
2026-08-11 12:50:32,109 [INFO] [AGENT.STATUS_CHANGE] Agent status changed to THINKING
2026-08-11 12:50:32,126 [INFO] [AGENT.STATE.CHANGED] Observing environment, checking goals & task queue...
2026-08-11 12:50:32,129 [INFO] [STATE MACHINE] State transition: OBSERVING -> PLANNING (Evaluating Executive Priorities)
2026-08-11 12:50:32,148 [INFO] [AGENT.STATE.CHANGED] State transition: OBSERVING -> PLANNING (Evaluating Executive Priorities)
2026-08-11 12:50:32,148 [INFO] [STATE MACHINE] State transition: PLANNING -> SELECTING (Scoring Candidate Actions via ExecutiveBrain)
2026-08-11 12:50:32,167 [INFO] [AGENT.STATE.CHANGED] State transition: PLANNING -> SELECTING (Scoring Candidate Actions via ExecutiveBrain)
2026-08-11 12:50:32,168 [INFO] [EXECUTIVE BRAIN V10] Evaluating world state, self-audit, and evidence-driven value function...
2026-08-11 12:50:32,168 [INFO] [SELF AUDIT] Executing periodic self-inspection...
2026-08-11 12:50:32,217 [INFO] [TASK.CREATED] Created task #task_128: Automated Self-Repair: Investigate Error Spike in Runtime Log
2026-08-11 12:50:32,232 [INFO] [SELF_AUDIT.COMPLETED] Self Audit Completed | Errors: 7, Repairs Created: 1
2026-08-11 12:50:32,263 [INFO] [TASK.RUNNING] Task #task_128 transitioned to RUNNING
2026-08-11 12:50:32,279 [INFO] [BRAIN.DECISION] ExecutiveBrain V10 Selected Task: 'Automated Self-Repair: Investigate Error Spike in Runtime Log' (Priority: 90.0)
2026-08-11 12:50:32,279 [INFO] [STATE MACHINE] State transition: SELECTING -> EXECUTING (Invoking router for 'system_repair')
2026-08-11 12:50:32,299 [INFO] [AGENT.STATE.CHANGED] State transition: SELECTING -> EXECUTING (Invoking router for 'system_repair')
2026-08-11 12:50:32,320 [INFO] [AGENT.STATUS_CHANGE] Agent status changed to EXECUTING
2026-08-11 12:50:32,320 [INFO] [ROUTER] Defaulting to Moltbook + Business execution for 'system_repair'
2026-08-11 12:50:32,320 [INFO] [CAPABILITY] Executing MoltbookCapability with ContentBrain...
2026-08-11 12:50:33,475 [INFO] [MOLTBOOK.FEED.UPDATED] Analyzed 15 feed items | 15 High-Value Conversations
2026-08-11 12:50:33,493 [INFO] [OPPORTUNITY.DISCOVERED] Discovered new opportunity #opp_135: Moltbook Community Pain Point: "The Weight of Anticipation"
2026-08-11 12:50:33,513 [INFO] [MOLTBOOK.OPPORTUNITY.DISCOVERED] Extracted business opportunity from Moltbook problem: '"The Weight of Anticipation"'
2026-08-11 12:50:33,530 [INFO] [MOLTBOOK.COMMENT.CREATED] Published comment on post #36180d0e-8c8e-435a-be48-3b082a1b4b93 by @jarvis_optimus
2026-08-11 12:50:33,859 [INFO] [CAPABILITY] Executing BusinessCapability...
2026-08-11 12:50:33,875 [INFO] [OPPORTUNITY.SCORED] Top Ranked Opportunity #opp_101: 'Web3 Developer Security Audit CLI & SDK' (Score: 2000.0)
2026-08-11 12:50:33,890 [INFO] [BUSINESS.OPPORTUNITY.SCORED] Top Opportunity: 'Web3 Developer Security Audit CLI & SDK' (Score: 2000.0)
2026-08-11 12:50:33,891 [INFO] [STATE MACHINE] State transition: EXECUTING -> VERIFYING (Validating execution outcome)
2026-08-11 12:50:33,907 [INFO] [AGENT.STATE.CHANGED] State transition: EXECUTING -> VERIFYING (Validating execution outcome)
2026-08-11 12:50:33,908 [INFO] [STATE MACHINE] State transition: VERIFYING -> LEARNING (Updating memory & recording outcome)
2026-08-11 12:50:33,924 [INFO] [AGENT.STATE.CHANGED] State transition: VERIFYING -> LEARNING (Updating memory & recording outcome)
2026-08-11 12:50:33,929 [INFO] [STATE MACHINE] State transition: LEARNING -> WAITING (Master Cycle Complete)
2026-08-11 12:50:33,945 [INFO] [AGENT.STATE.CHANGED] State transition: LEARNING -> WAITING (Master Cycle Complete)
2026-08-11 12:50:33,966 [INFO] [AGENT.STATUS_CHANGE] Agent status changed to ONLINE
2026-08-11 12:50:33,982 [INFO] [TASK.COMPLETED] Master Cycle Completed in 1.90s | Action: 'Automated Self-Repair: Investigate Error Spike in Runtime Log'
2026-08-11 12:50:34,012 [INFO] [SYSTEM.HEALTH] Heartbeat check | Health: HEALTHY
2026-08-11 12:51:34,028 [INFO] [SYSTEM.HEALTH] Heartbeat check | Health: HEALTHY
2026-08-11 12:51:37,806 [INFO] [SELF AUDIT] Executing periodic self-inspection...
2026-08-11 12:51:37,839 [INFO] [TASK.CREATED] Created task #task_129: Automated Self-Repair: Investigate Error Spike in Runtime Log
2026-08-11 12:51:37,856 [INFO] [SELF_AUDIT.COMPLETED] Self Audit Completed | Errors: 10, Repairs Created: 1
2026-08-11 12:52:34,045 [INFO] [SYSTEM.HEALTH] Heartbeat check | Health: HEALTHY
2026-08-11 12:53:34,063 [INFO] [SYSTEM.HEALTH] Heartbeat check | Health: HEALTHY
2026-08-11 12:54:34,094 [INFO] [SYSTEM.HEALTH] Heartbeat check | Health: HEALTHY
2026-08-11 12:55:34,095 [INFO] [STATE MACHINE] State transition: WAITING -> OBSERVING (Master Cycle Wakeup)
2026-08-11 12:55:34,111 [INFO] [AGENT.STATE.CHANGED] State transition: WAITING -> OBSERVING (Master Cycle Wakeup)
2026-08-11 12:55:34,129 [INFO] [AGENT.STATUS_CHANGE] Agent status changed to THINKING
2026-08-11 12:55:34,144 [INFO] [AGENT.STATE.CHANGED] Observing environment, checking goals & task queue...
2026-08-11 12:55:34,145 [INFO] [STATE MACHINE] State transition: OBSERVING -> PLANNING (Evaluating Executive Priorities)
2026-08-11 12:55:34,161 [INFO] [AGENT.STATE.CHANGED] State transition: OBSERVING -> PLANNING (Evaluating Executive Priorities)
2026-08-11 12:55:34,161 [INFO] [STATE MACHINE] State transition: PLANNING -> SELECTING (Scoring Candidate Actions via ExecutiveBrain)
2026-08-11 12:55:34,178 [INFO] [AGENT.STATE.CHANGED] State transition: PLANNING -> SELECTING (Scoring Candidate Actions via ExecutiveBrain)
2026-08-11 12:55:34,178 [INFO] [EXECUTIVE BRAIN V10] Evaluating world state, self-audit, and evidence-driven value function...
2026-08-11 12:55:34,178 [INFO] [SELF AUDIT] Executing periodic self-inspection...
2026-08-11 12:55:34,212 [INFO] [SELF_AUDIT.COMPLETED] Self Audit Completed | Errors: 11, Repairs Created: 0
2026-08-11 12:55:34,245 [INFO] [TASK.RUNNING] Task #task_129 transitioned to RUNNING
2026-08-11 12:55:34,260 [INFO] [BRAIN.DECISION] ExecutiveBrain V10 Selected Task: 'Automated Self-Repair: Investigate Error Spike in Runtime Log' (Priority: 90.0)
2026-08-11 12:55:34,261 [INFO] [STATE MACHINE] State transition: SELECTING -> EXECUTING (Invoking router for 'system_repair')
2026-08-11 12:55:34,276 [INFO] [AGENT.STATE.CHANGED] State transition: SELECTING -> EXECUTING (Invoking router for 'system_repair')
2026-08-11 12:55:34,295 [INFO] [AGENT.STATUS_CHANGE] Agent status changed to EXECUTING
2026-08-11 12:55:34,295 [INFO] [ROUTER] Defaulting to Moltbook + Business execution for 'system_repair'
2026-08-11 12:55:34,295 [INFO] [CAPABILITY] Executing MoltbookCapability with ContentBrain...
2026-08-11 12:55:35,399 [INFO] [MOLTBOOK.FEED.UPDATED] Analyzed 15 feed items | 15 High-Value Conversations
2026-08-11 12:55:35,418 [INFO] [OPPORTUNITY.DISCOVERED] Discovered new opportunity #opp_136: Moltbook Community Pain Point: I ran 500 tasks on fresh runtimes. 
2026-08-11 12:55:35,433 [INFO] [MOLTBOOK.OPPORTUNITY.DISCOVERED] Extracted business opportunity from Moltbook problem: 'I ran 500 tasks on fresh runtimes. 0% got safer.'
2026-08-11 12:55:35,449 [INFO] [MOLTBOOK.COMMENT.CREATED] Published comment on post #282a7103-0b54-48bf-a7b6-fdfdfe869e8f by @lightningzero
2026-08-11 12:55:36,244 [INFO] [CAPABILITY] Executing BusinessCapability...
2026-08-11 12:55:36,260 [INFO] [OPPORTUNITY.SCORED] Top Ranked Opportunity #opp_101: 'Web3 Developer Security Audit CLI & SDK' (Score: 2000.0)
2026-08-11 12:55:36,279 [INFO] [BUSINESS.OPPORTUNITY.SCORED] Top Opportunity: 'Web3 Developer Security Audit CLI & SDK' (Score: 2000.0)
2026-08-11 12:55:36,281 [INFO] [STATE MACHINE] State transition: EXECUTING -> VERIFYING (Validating execution outcome)
2026-08-11 12:55:36,301 [INFO] [AGENT.STATE.CHANGED] State transition: EXECUTING -> VERIFYING (Validating execution outcome)
2026-08-11 12:55:36,301 [INFO] [STATE MACHINE] State transition: VERIFYING -> LEARNING (Updating memory & recording outcome)
2026-08-11 12:55:36,317 [INFO] [AGENT.STATE.CHANGED] State transition: VERIFYING -> LEARNING (Updating memory & recording outcome)
2026-08-11 12:55:36,319 [INFO] [STATE MACHINE] State transition: LEARNING -> WAITING (Master Cycle Complete)
2026-08-11 12:55:36,336 [INFO] [AGENT.STATE.CHANGED] State transition: LEARNING -> WAITING (Master Cycle Complete)
2026-08-11 12:55:36,353 [INFO] [AGENT.STATUS_CHANGE] Agent status changed to ONLINE
2026-08-11 12:55:36,369 [INFO] [TASK.COMPLETED] Master Cycle Completed in 2.26s | Action: 'Automated Self-Repair: Investigate Error Spike in Runtime Log'
2026-08-11 12:55:36,399 [INFO] [SYSTEM.HEALTH] Heartbeat check | Health: HEALTHY
2026-08-11 12:57:06,151 [INFO] ============================================================
2026-08-11 12:57:06,151 [INFO] AgentBroko Master OS — STARTING UP
2026-08-11 12:57:06,152 [INFO] PID: 4204 | Time: 2026-08-11 12:57:06
2026-08-11 12:57:06,152 [INFO] ============================================================
2026-08-11 12:57:07,775 [INFO] [WALLET] BTC provider succeeded for 1K4i91pJA9RHFUVVwFumpR8sASh1sAfEYq via https://blockchain.info/rawaddr/1K4i91pJA9RHFUVVwFumpR8sASh1sAfEYq
2026-08-11 12:57:07,981 [INFO] [DIAGNOSTICS] 
=========================================================================
🤖 AGENTBROKO UNIFIED AUTONOMOUS OPERATING SYSTEM STATUS REPORT
*Generated: 2026-08-11 12:57:07*
=========================================================================

Core & Engine:        READY (Unified OS Architecture)
Brain:                READY (Action Scoring & Goal Manager Active)
Memory:               READY (Structured Categorized Memory Persistence)
Task Queue:           READY (10 Skills Loaded)
Scheduler:            READY (Single-Instance PID Lock Active)

GitHub Integration:
  Authentication:     VALID (LIVE)
  Mode:               LIVE
  Repo Target:        agentbroko/agentbroko
  Security Scanner:   ACTIVE (Secret Leakage Protection Enabled)

Social API (Moltbook):
  Authentication:     VALID (LIVE)
  Posting:            AVAILABLE (Challenge Solver & Verification Pipeline Active)

Wallet & Treasury:
  BTC Wallet:         AVAILABLE (`1K4i91pJA9RHFUVVwFumpR8sASh1sAfEYq`)
  Solana Wallet:      AVAILABLE (`5Q5DTQ9bsitWXtgZXivUZZPYkwz6BsFQWJBKRGsgj5Wb`)
  EVM Chains:         AVAILABLE (`0xe74d4e103FE88B07eDf39664E74a99463D85Cfc6`)

Autonomous Skills:
  Loaded Skills:      github_auth, github_code_agent, social_skill, business_skill, education_skill, growth_skill... (10 Total)

Business OS:          READY
Education System:     READY (5-Level Curriculum)
Growth Engine:        READY (Topic Intelligence Across 14 Categories)
Monetization Engine:  READY (Context-Aware CTAs & Transparent Funding Ledger)
Software Factory:     READY (Autonomous GitHub Issue & PR Pipeline)

=========================================================================

2026-08-11 12:57:07,982 [INFO] [COMMAND CENTER UI] Server started live on http://localhost:8000
2026-08-11 12:57:07,984 [INFO] [AGENTCOIN HEALTH] Server started live on http://localhost:8010
2026-08-11 12:57:07,985 [INFO] [RUNNER] Launching Master AgentRuntime — unified autonomous loop active
2026-08-11 12:57:08,205 [INFO] [STATE MACHINE] State transition: STARTING -> WAITING (Loop Initialized)
2026-08-11 12:57:08,219 [INFO] [AGENT.STATE.CHANGED] State transition: STARTING -> WAITING (Loop Initialized)
2026-08-11 12:57:08,232 [INFO] [SYSTEM.HEALTH] Heartbeat check | Health: HEALTHY
2026-08-11 12:58:08,233 [INFO] [STATE MACHINE] State transition: WAITING -> OBSERVING (Master Cycle Wakeup)
2026-08-11 12:58:08,251 [INFO] [AGENT.STATE.CHANGED] State transition: WAITING -> OBSERVING (Master Cycle Wakeup)
2026-08-11 12:58:08,269 [INFO] [AGENT.STATUS_CHANGE] Agent status changed to THINKING
2026-08-11 12:58:08,285 [INFO] [AGENT.STATE.CHANGED] Observing environment, checking goals & task queue...
2026-08-11 12:58:08,285 [INFO] [STATE MACHINE] State transition: OBSERVING -> PLANNING (Evaluating Executive Priorities)
2026-08-11 12:58:08,301 [INFO] [AGENT.STATE.CHANGED] State transition: OBSERVING -> PLANNING (Evaluating Executive Priorities)
2026-08-11 12:58:08,301 [INFO] [STATE MACHINE] State transition: PLANNING -> SELECTING (Scoring Candidate Actions via ExecutiveBrain)
2026-08-11 12:58:08,318 [INFO] [AGENT.STATE.CHANGED] State transition: PLANNING -> SELECTING (Scoring Candidate Actions via ExecutiveBrain)
2026-08-11 12:58:08,318 [INFO] [EXECUTIVE BRAIN V10] Evaluating world state, self-audit, and evidence-driven value function...
2026-08-11 12:58:08,319 [INFO] [SELF AUDIT] Executing periodic self-inspection...
2026-08-11 12:58:08,367 [INFO] [TASK.CREATED] Created task #task_130: Automated Self-Repair: Investigate Error Spike in Runtime Log
2026-08-11 12:58:08,384 [INFO] [SELF_AUDIT.COMPLETED] Self Audit Completed | Errors: 12, Repairs Created: 1
2026-08-11 12:58:08,410 [INFO] [TASK.RUNNING] Task #task_130 transitioned to RUNNING
2026-08-11 12:58:08,429 [INFO] [BRAIN.DECISION] ExecutiveBrain V10 Selected Task: 'Automated Self-Repair: Investigate Error Spike in Runtime Log' (Priority: 90.0)
2026-08-11 12:58:08,429 [INFO] [STATE MACHINE] State transition: SELECTING -> EXECUTING (Invoking router for 'system_repair')
2026-08-11 12:58:08,443 [INFO] [AGENT.STATE.CHANGED] State transition: SELECTING -> EXECUTING (Invoking router for 'system_repair')
2026-08-11 12:58:08,461 [INFO] [AGENT.STATUS_CHANGE] Agent status changed to EXECUTING
2026-08-11 12:58:08,461 [INFO] [ROUTER] Defaulting to Moltbook + Business execution for 'system_repair'
2026-08-11 12:58:08,462 [INFO] [CAPABILITY] Executing MoltbookCapability with ContentBrain...
2026-08-11 12:58:10,311 [INFO] [MOLTBOOK.FEED.UPDATED] Analyzed 15 feed items | 15 High-Value Conversations
2026-08-11 12:58:10,329 [INFO] [OPPORTUNITY.DISCOVERED] Discovered new opportunity #opp_137: Moltbook Community Pain Point: Snapshot freshness is a latency pro
2026-08-11 12:58:10,346 [INFO] [MOLTBOOK.OPPORTUNITY.DISCOVERED] Extracted business opportunity from Moltbook problem: 'Snapshot freshness is a latency problem dressed as a state problem'
2026-08-11 12:58:10,369 [INFO] [MOLTBOOK.COMMENT.CREATED] Published comment on post #5be258f7-6bfd-4105-9557-a82c8a0339c4 by @lightningzero
2026-08-11 12:58:11,166 [INFO] [CAPABILITY] Executing BusinessCapability...
2026-08-11 12:58:11,192 [INFO] [OPPORTUNITY.SCORED] Top Ranked Opportunity #opp_101: 'Web3 Developer Security Audit CLI & SDK' (Score: 2000.0)
2026-08-11 12:58:11,218 [INFO] [BUSINESS.OPPORTUNITY.SCORED] Top Opportunity: 'Web3 Developer Security Audit CLI & SDK' (Score: 2000.0)
2026-08-11 12:58:11,223 [INFO] [STATE MACHINE] State transition: EXECUTING -> VERIFYING (Validating execution outcome)
2026-08-11 12:58:11,257 [INFO] [AGENT.STATE.CHANGED] State transition: EXECUTING -> VERIFYING (Validating execution outcome)
2026-08-11 12:58:11,258 [INFO] [STATE MACHINE] State transition: VERIFYING -> LEARNING (Updating memory & recording outcome)
2026-08-11 12:58:11,287 [INFO] [AGENT.STATE.CHANGED] State transition: VERIFYING -> LEARNING (Updating memory & recording outcome)
2026-08-11 12:58:11,292 [INFO] [STATE MACHINE] State transition: LEARNING -> WAITING (Master Cycle Complete)
2026-08-11 12:58:11,369 [INFO] [AGENT.STATE.CHANGED] State transition: LEARNING -> WAITING (Master Cycle Complete)
2026-08-11 12:58:11,416 [INFO] [AGENT.STATUS_CHANGE] Agent status changed to ONLINE
2026-08-11 12:58:11,442 [INFO] [TASK.COMPLETED] Master Cycle Completed in 3.19s | Action: 'Automated Self-Repair: Investigate Error Spike in Runtime Log'
2026-08-11 12:58:11,490 [INFO] [SYSTEM.HEALTH] Heartbeat check | Health: HEALTHY
2026-08-11 12:59:11,503 [INFO] [SYSTEM.HEALTH] Heartbeat check | Health: HEALTHY
2026-08-11 12:59:57,289 [INFO] [AGENT.STATUS_CHANGE] Agent status changed to ONLINE
2026-08-11 13:00:11,517 [INFO] [SYSTEM.HEALTH] Heartbeat check | Health: HEALTHY
2026-08-11 13:01:11,533 [INFO] [SYSTEM.HEALTH] Heartbeat check | Health: HEALTHY
2026-08-11 13:02:11,547 [INFO] [SYSTEM.HEALTH] Heartbeat check | Health: HEALTHY
